Date,Close_AAPL,High_AAPL,Low_AAPL,Open_AAPL,Volume_AAPL,Returns,MA_10,MA_50,Target
2015-03-16,27.78370475769043,27.78370475769043,27.32120018619715,27.54578113753917,143497200,0.011004357198525216,27.968034934997558,26.562143287658692,1
2015-03-17,28.248428344726562,28.310688462772674,27.93935011838267,27.99493975184684,204092400,0.01672648018286682,27.91644744873047,26.642813873291015,1
2015-03-18,28.56639862060547,28.719826538431512,28.09944607958892,28.239531332955636,261083600,0.011256211212836043,27.914890480041503,26.743487510681152,0
2015-03-19,28.350711822509766,28.739839239681466,28.328476309392133,28.62865997763241,183238000,-0.00755036716249291,27.93912754058838,26.839803009033204,0
2015-03-20,27.994943618774414,28.550838333740565,27.830398756001053,28.517485906223897,274780400,-0.012548827908189564,27.92356300354004,26.922402877807617,1
2015-03-23,28.28622817993164,28.428537502319035,28.13280025254547,28.266216726686977,150838800,0.010404899010472812,27.925119972229005,26.992489700317382,0
2015-03-24,28.17060089111328,28.4707828514936,28.14169319834328,28.290674693141913,131369200,-0.0040877591767570776,27.97359390258789,27.0597322845459,0
2015-03-25,27.434593200683594,28.19950704158356,27.434593200683594,28.13724692829372,206620800,-0.02612680124483502,27.998941802978514,27.12448066711426,1
2015-03-26,27.625823974609375,27.76813330160785,27.261156112118154,27.29673429209827,190291600,0.006970424985963231,27.994272422790527,27.18875690460205,0
2015-03-27,27.405691146850586,27.728110364111448,27.33009005453991,27.699204363485794,158184800,-0.007968371475946201,27.98671245574951,27.250490913391115,1
2015-03-30,28.099449157714844,28.106119642444803,27.572458810054766,27.58357741557871,188398800,0.025314377482648753,28.018286895751952,27.3393004989624,0
2015-03-31,27.668073654174805,28.126131711225387,27.652508623977777,28.037187954473346,168362400,-0.015351742346223274,27.96025142669678,27.423159217834474,0
2015-04-01,27.628047943115234,27.821500479076686,27.372335288856576,27.754792240066255,162485600,-0.00144663887915919,27.866416358947752,27.494124336242677,1
2015-04-02,27.865970611572266,27.91933618318835,27.614706086104803,27.801486434991567,128880400,0.00861163513784624,27.817942237854005,27.566171379089354,1
2015-04-06,28.31736183166504,28.35294001500725,27.645839737461767,27.676969799655623,148776000,0.016198654135711976,27.850184059143068,27.634621658325194,0
2015-04-07,28.019405364990234,28.488580411799642,28.01273487897068,28.38184924256404,140049200,-0.010522041864140852,27.823501777648925,27.694543571472167,0
2015-04-08,27.92823600769043,28.106123541988197,27.788150719542283,27.983825650100826,149316800,-0.0032537934375195254,27.79926528930664,27.75211051940918,1
2015-04-09,28.14170265197754,28.146150773802955,27.71922268747943,27.983828256403573,129936000,0.007643398753445441,27.869976234436034,27.83148838043213,1
2015-04-10,28.261770248413086,28.286229823662996,27.852631346889225,28.006057586730154,160752000,0.00426653631872953,27.933570861816406,27.885936431884765,0
2015-04-13,28.206178665161133,28.588637297522965,28.15281309396547,28.54416287801489,145460400,-0.0019670241022879953,28.01361961364746,27.923370094299315,0
2015-04-14,28.08388900756836,28.30402352421156,27.997169298088878,28.239539333182478,102098400,-0.004335562751852651,28.012063598632814,27.96606559753418,1
2015-04-15,28.190610885620117,28.268436022782996,28.01939558386178,28.108339324816825,115881600,0.003800110377270016,28.064317321777345,28.004383964538576,0
2015-04-16,28.054981231689453,28.261774776001275,28.04164025994718,28.079440810857832,113476000,-0.004811164060295248,28.107010650634766,28.039901123046874,0
2015-04-17,27.739227294921875,28.048305523453024,27.674743116071788,27.917114801850463,207828000,-0.011254826162953147,28.094336318969727,28.06507213592529,1
2015-04-20,28.372953414916992,28.488579125779587,27.832622017726813,27.921565785715647,188217200,0.022845846182281138,28.099895477294922,28.099137687683104,0
2015-04-21,28.219528198242188,28.506369273516984,28.166160917597324,28.484135451273627,129740400,-0.005407446113598557,28.119907760620116,28.134626235961914,1
2015-04-22,28.59975242614746,28.65534205744874,28.088328836052234,28.237308640789045,150618000,0.013473798188056163,28.18705940246582,28.17420585632324,1
2015-04-23,28.83323097229004,28.999999874384436,28.493022683451226,28.528600863532645,183083600,0.008163656197566205,28.25621223449707,28.2082266998291,1
2015-04-24,28.968870162963867,29.04669700871143,28.73539301864322,29.015566948996813,178103600,0.0047042660881184695,28.32692222595215,28.23224136352539,1
2015-04-27,29.495864868164062,29.602599431597344,29.16232699151122,29.420263763757543,387816800,0.01819175902393133,28.45589084625244,28.259769363403322,0
2015-04-28,29.031143188476562,29.916129616297663,28.81101030867595,29.898343911058532,475696000,-0.015755485786385304,28.55061626434326,28.27524574279785,0
2015-04-29,28.604206085205078,29.26016318298656,28.52860498629819,28.942192058978048,253544400,-0.014706176070977128,28.59197578430176,28.278848037719726,0
2015-04-30,27.828168869018555,28.604199621886025,27.70142458160776,28.604199621886025,332781600,-0.027130178473574684,28.56929454803467,28.262971611022948,1
2015-05-01,28.67313575744629,28.93552062370091,27.861528367104484,28.03941419799725,234050400,0.03036372577746027,28.66268539428711,28.2651953125,0
2015-05-04,28.617536544799805,29.033349221898668,28.519698267835366,28.795424012651395,203953200,-0.0019390698358495717,28.68714370727539,28.261637535095215,0
2015-05-05,27.972705841064453,28.561954632389803,27.968257720114217,28.495246389824892,197085600,-0.02253271181206984,28.662461471557616,28.229617881774903,0
2015-05-06,27.79704475402832,28.1839481830708,27.430152781583676,28.141699512749295,288564000,-0.006279731679666778,28.582190704345702,28.19777629852295,1
2015-05-07,27.968978881835938,28.152074473058324,27.692101292340553,27.859566834442038,175763600,0.0061853383814372,28.495765495300294,28.184404678344727,1
2015-05-08,28.495929718017578,28.495929718017578,28.158765372131114,28.286039082313177,222201600,0.01884054610673913,28.448471450805663,28.174323387145996,0
2015-05-11,28.205656051635742,28.482531869675185,28.051587245555062,28.444573431626868,168143200,-0.010186495729539224,28.31945056915283,28.167152938842772,0
2015-05-12,28.105175018310547,28.330693980436152,27.870722655591305,28.044886489132676,192640000,-0.003562442693807455,28.22685375213623,28.155171089172363,1
2015-05-13,28.13644027709961,28.399919425982123,28.105180183465016,28.167700370734202,138776800,0.001112437790147025,28.180077171325685,28.142613830566408,1
2015-05-14,28.792903900146484,28.792903900146484,28.39322103167603,28.449042870725208,180814000,0.02333143839738594,28.276550674438475,28.146832542419432,0
2015-05-15,28.752714157104492,28.913481328066453,28.627673781266235,28.81970104618776,152832000,-0.001395821108609585,28.284508514404298,28.159720001220702,1
2015-05-18,29.069780349731445,29.18812237147555,28.661164094483212,28.66563079542484,203531600,0.011027348266828163,28.32973289489746,28.178103828430174,0
2015-05-19,29.042985916137695,29.223848116196663,28.946970588357917,29.18142297650986,178532800,-0.0009217281063493843,28.436760902404785,28.19355037689209,0
2015-05-20,29.040746688842773,29.24617060303671,28.879979554761622,29.027349995518332,145819600,-7.710045039399649e-05,28.561131095886232,28.220648078918458,1
2015-05-21,29.337722778320312,29.391312965217566,28.989395081224014,29.04298526812127,158921600,0.01022618642211559,28.69800548553467,28.263780250549317,1
2015-05-22,29.594507217407227,29.690522560457005,29.339959745898334,29.38461994662565,182384000,0.008752705212575984,28.807863235473633,28.302220039367675,0
2015-05-26,28.9425106048584,29.677128031092586,28.83086690907407,29.607909484841535,282790400,-0.02203100081238485,28.8815486907959,28.33144443511963,1
2015-05-27,29.48285484313965,29.5319783237903,29.038515277836858,29.10326709846147,183332800,0.018669570365141164,29.01931667327881,28.365427436828615,0
2015-05-28,29.424800872802734,29.462759305920756,29.272967140330646,29.442664266110135,122933200,-0.001969075608375892,29.14815273284912,28.38895488739014,0
2015-05-29,29.089872360229492,29.35111812101568,29.005022086658286,29.30199463706332,203538000,-0.011382524354916379,29.177849578857423,28.399424362182618,1
2015-06-01,29.147932052612305,29.337727681720942,29.038523420832306,29.089878562424854,128451200,0.001995873053818764,29.2173713684082,28.415368766784667,0
2015-06-02,29.01841926574707,29.174719695721333,28.875515528757198,28.99608917271053,134670400,-0.004443292465189708,29.212235260009766,28.43583827972412,1
2015-06-03,29.054155349731445,29.237252652834727,29.005031849244972,29.174732453505637,123934000,0.001231496576609148,29.21335220336914,28.451196823120117,0
2015-06-04,28.884445190429688,29.15685596830067,28.78396658710536,28.93356866887159,153800400,-0.005841166513323781,29.197722053527833,28.465473709106444,0
2015-06-05,28.725915908813477,28.958136658313954,28.66116407712451,28.91571151713053,142507200,-0.005488396282880226,29.13654136657715,28.49130016326904,0
2015-06-08,28.536123275756836,28.850959248843054,28.319534279272943,28.781737310168158,210699200,-0.006607017637283108,29.030702972412108,28.509506149291994,0
2015-06-09,28.451274871826172,28.598645346452834,28.049358647798414,28.290507700796127,224301600,-0.0029733682851990073,28.981579399108888,28.530417823791502,1
2015-06-10,28.77726936340332,28.879979617175298,28.547282005039268,28.56291204846722,156349200,0.011457992411439077,28.911020851135255,28.543974227905274,0
2015-06-11,28.71251678466797,29.067542819658165,28.68795504222306,28.844255490920546,141563600,-0.0022501293613944595,28.839792442321777,28.564863090515136,0
2015-06-12,28.39545249938965,28.654466648645087,28.382055803237584,28.623206555258715,147544800,-0.011042720067215739,28.770350456237793,28.580211181640625,0
2015-06-15,28.339632034301758,28.41108392315489,28.069454526339996,28.156536462643892,175955600,-0.001965824108247305,28.68952045440674,28.589684410095217,1
2015-06-16,28.49146270751953,28.547284539510578,28.216820248109983,28.364188998721836,125976400,0.005357538624143121,28.636824798583984,28.593166427612303,0
2015-06-17,28.424484252929688,28.553989639077844,28.299442161288418,28.518264543999997,131672400,-0.0023508254131215933,28.573857688903807,28.601268005371093,1
2015-06-18,28.553987503051758,28.65000113774058,28.40661872861507,28.408852079248966,141628800,0.004556045730494507,28.540811920166014,28.61378303527832,0
2015-06-19,28.268178939819336,28.540589786812227,28.223522150021005,28.516028041358947,218867600,-0.010009409831179483,28.4950382232666,28.616312561035155,1
2015-06-22,28.49370002746582,28.594178657629293,28.37535799972522,28.466904931100128,136157200,0.00797791354464672,28.4907958984375,28.62095115661621,0
2015-06-23,28.364192962646484,28.49370003981576,28.330699518061692,28.464673296400864,121075600,-0.0045451122421623635,28.482087707519533,28.62411144256592,1
2015-06-24,28.605344772338867,28.982700968359474,28.384290755618192,28.404385800980332,221123600,0.008501980296423683,28.464895248413086,28.634540557861328,0
2015-06-25,28.469141006469727,28.848728871803647,28.469141006469727,28.772811980155872,127752400,-0.004761479609952102,28.44055767059326,28.64011116027832,0
2015-06-26,28.301668167114258,28.57854397041474,28.248079686631247,28.507092095255032,176267200,-0.0058826095004906875,28.431179237365722,28.645044898986818,0
2015-06-29,27.805967330932617,28.23914524016295,27.794803988006763,28.013624589078955,196645600,-0.017514898176837157,28.377812767028807,28.64637969970703,1
2015-06-30,28.006929397583008,28.160998197819048,27.87965568977192,28.0381894869719,177482800,0.007227299962581535,28.329359436035155,28.63905921936035,1
2015-07-01,28.268178939819336,28.3440975267333,28.13197351632289,28.33516582806417,120955200,0.009328032306850309,28.313728904724123,28.640032234191896,0
2015-07-02,28.23245620727539,28.288278050960418,28.08285237150343,28.230222856534695,108844000,-0.0012637083067853494,28.281575775146486,28.632686309814453,0
2015-07-06,28.13420295715332,28.1855597914771,27.87742219262861,27.89751893772821,112241600,-0.0034801523962605385,28.268178176879882,28.61870574951172,0
2015-07-07,28.064992904663086,28.167704900773476,27.636279816424906,28.109649701738,187787200,-0.0024599969153431545,28.22530746459961,28.600628204345703,0
2015-07-08,27.368335723876953,27.830540559785625,27.361637374646737,27.794815462708602,243046400,-0.024822995079766486,28.125721740722657,28.55807762145996,0
2015-07-09,26.810110092163086,27.701026076730777,26.620316199206663,27.654135941074284,314380000,-0.020396769366829104,27.94619827270508,28.51365695953369,1
2015-07-10,27.526859283447266,27.654132981909285,27.06465462023815,27.227655105975742,245418000,0.02673428750647666,27.85197010040283,28.492110023498537,1
2015-07-13,28.05828285217285,28.080611241396998,27.7590769852192,27.917610763321612,165762000,0.019305637568509226,27.827631568908693,28.496712303161623,0
2015-07-14,28.047130584716797,28.21682948652353,27.919856834248666,28.143144235318907,127072400,-0.00039746792470551906,27.851747894287108,28.48419219970703,1
2015-07-15,28.317306518554688,28.39099176555159,28.040430634031658,28.0716907321126,134596800,0.009632926014367937,27.882785606384278,28.478187599182128,1
2015-07-16,28.694650650024414,28.708050750428526,28.435638259261328,28.522720172871473,144889600,0.0133255658062843,27.925432777404787,28.49262649536133,1
2015-07-17,28.9425106048584,28.9425106048584,28.650004667038697,28.821936912533218,184658800,0.008637845355115914,27.996438217163085,28.51553581237793,1
2015-07-20,29.489561080932617,29.690518327173155,29.18365510362248,29.24394364033243,235600800,0.018901279282329764,28.131974029541016,28.545947456359862,0
2015-07-21,29.194822311401367,29.67935547360729,29.09881038203511,29.66372713010115,307025600,-0.009994681464480015,28.244956970214844,28.559925308227537,0
2015-07-22,27.960044860839844,28.022565052133587,27.238825903164294,27.238825903164294,461802400,-0.04229439855433914,28.304127883911132,28.55501308441162,0
2015-07-23,27.946643829345703,28.377586753004575,27.92431373287769,28.17886115997897,203998000,-0.0004792922028858948,28.417781257629393,28.551842460632326,0
2015-07-24,27.79927635192871,28.076152201653453,27.66530427648431,27.98237191919711,168649200,-0.005273172632709766,28.445022964477538,28.545099182128908,0
2015-07-27,27.412988662719727,27.60055093250438,27.267853240365948,27.484440550364504,177822000,-0.013895602328590217,28.380493545532225,28.51750087738037,1
2015-07-28,27.5491943359375,27.667538069746648,27.3638671186555,27.5491943359375,134472400,0.004968654636442693,28.330699920654297,28.49343048095703,0
2015-07-29,27.462114334106445,27.575991374671265,27.301347148261407,27.49784113253757,148046800,-0.0031608910507215926,28.245180702209474,28.46127716064453,0
2015-07-30,27.32366943359375,27.368326215311846,27.176298987539383,27.31250438639071,134513200,-0.0050413052261149005,28.108082580566407,28.426890830993653,0
2015-07-31,27.084754943847656,27.383959160865977,26.997673017787267,27.37502746286655,171540000,-0.00874386547263506,27.922307014465332,28.38777099609375,0
2015-08-03,26.446157455444336,27.368333708425062,26.240731774075797,27.129416283371835,279904000,-0.023577746585755177,27.617966651916504,28.32993968963623,0
2015-08-04,25.597665786743164,26.28092464255406,25.287296456584127,26.21840444706124,496554400,-0.03208374109284817,27.258250999450684,28.25000286102295,1
2015-08-05,25.76736068725586,26.222867088448904,25.03051174636031,25.22030565430392,397250400,0.006629311513262293,27.038982582092284,28.1864998626709,1
2015-08-06,25.82343292236328,26.130721855515446,25.5968931323742,26.0118441672273,211612000,0.0021760954017753242,26.82666149139404,28.11331142425537,1
2015-08-07,25.910913467407227,26.07465181887954,25.682130178595333,25.700074435710377,154681600,0.003387641964836874,26.637825202941894,28.04303367614746,1
2015-08-10,26.852964401245117,26.913524125357984,26.137453032004053,26.137453032004053,219806400,0.03635730307319629,26.581822776794432,27.998295516967772,0
2015-08-11,25.455581665039062,26.507539920424335,25.419694871898546,26.42454903744614,388331200,-0.052038304424269155,26.37246150970459,27.924448509216308,1
2015-08-12,25.848106384277344,25.88848010107389,24.58979420725311,25.2402588839715,404870000,0.01541998624912111,26.21106071472168,27.861042251586912,0
2015-08-13,25.82792091369629,26.108293477433204,25.691098965692007,26.027546042176308,194143200,-0.0007809264741084343,26.061485862731935,27.79651756286621,1
2015-08-14,26.009601593017578,26.088105568025565,25.572221081359995,25.641752929044454,171718000,0.007034274261887852,25.953970527648927,27.739020690917968,1
2015-08-17,26.278759002685547,26.388664562359022,25.90642343750448,26.02754458360224,163538800,0.010348386487404992,25.93723068237305,27.69007755279541,0
2015-08-18,26.130725860595703,26.341566599691646,26.020820282480347,26.11502506372208,138242800,-0.005633186181840499,25.9905366897583,27.64196960449219,0
2015-08-19,25.796518325805664,26.135207137595437,25.72249956113972,26.041002370525103,193146000,-0.012789829741928993,25.99345245361328,27.588874473571778,0
2015-08-20,25.26717758178711,25.648483611062783,25.038392595214948,25.58792388594571,274006400,-0.020519852227074642,25.937826919555665,27.518672637939453,0
2015-08-21,23.72176170349121,25.098951562027775,23.697088781656007,24.769233162283008,513102000,-0.06116298004767473,25.718911743164064,27.41885753631592,0
2015-08-24,23.129613876342773,24.40362677759417,20.63541912283421,21.27915509630601,648825200,-0.0249622196930378,25.346576690673828,27.31354076385498,1
2015-08-25,23.268674850463867,24.921751784034296,23.214843807743076,24.921751784034296,414406400,0.006012247971995954,25.127886009216308,27.212121620178223,1
2015-08-26,24.603252410888672,24.648111334122248,23.562509648293958,24.020076141302784,387098400,0.05735511665367565,25.003400611877442,27.134357414245606,1
2015-08-27,25.327735900878906,25.39951120986132,24.67727120064296,25.172971406945223,338464400,0.029446655177573167,24.953382110595705,27.07242244720459,1
2015-08-28,25.41072654724121,25.415211755332983,25.018204955765285,25.15951211264362,212657600,0.003276670551489058,24.893494606018066,27.00955722808838,0
2015-08-31,25.291851043701172,25.688857877651053,25.12138403005911,25.12811269840866,224917200,-0.004678162323262902,24.794803810119628,26.950030670166015,0
2015-09-01,24.161380767822266,25.094459555420123,24.080633351142133,24.7064249747842,307383600,-0.04469701620200095,24.597869300842284,26.863384284973144,1
2015-09-02,25.197650909423828,25.197650909423828,24.4776541230003,24.724383433113992,247555200,0.04288952488103037,24.537982559204103,26.80005344390869,0
2015-09-03,24.75577163696289,25.296328943723697,24.681752883985897,25.231282316373427,212935600,-0.01753652648214421,24.48684196472168,26.723061981201173,0
2015-09-04,24.509050369262695,24.77372217125578,24.338585061120977,24.441761972235767,199985200,-0.009966211973446049,24.565570831298828,26.64386016845703,1
2015-09-08,25.190914154052734,25.246988668124622,24.74456150119284,25.06530779013438,219374400,0.027820897771101638,24.771700859069824,26.5816450881958,0
2015-09-09,24.70642852783203,25.574460815088862,24.6211941806021,25.516144558967323,340043200,-0.01923255437487803,24.91547622680664,26.519654312133788,1
2015-09-10,25.249229431152344,25.408480828757018,24.65035409552812,24.733343272285687,251571200,0.02197002706031914,24.980073928833008,26.464500312805175,1
2015-09-11,25.617080688476562,25.617080688476562,25.067551137537496,25.07427980539464,199662000,0.014568811231536749,25.009008407592773,26.41147834777832,1
2015-09-14,25.863811492919922,26.218202875992336,25.762878039722935,26.14867101762368,233453600,0.009631495775954901,25.054316902160643,26.36410545349121,1
2015-09-15,26.08137321472168,26.13744771912597,25.664178765053123,26.00286925080729,173364800,0.00841181980704242,25.133269119262696,26.32304885864258,1
2015-09-16,26.11054229736328,26.139700433924837,25.892972869436985,26.07465378043336,148694000,0.0011183875327982484,25.328185272216796,26.283959846496582,0
2015-09-17,25.552034378051758,26.128480319144057,25.507175450917547,25.942314231404556,256450400,-0.02139013096514364,25.36362361907959,26.247633819580077,0
2015-09-18,25.446617126464844,25.637271868229078,25.092227451778268,25.168487979477092,297141200,-0.004125591333638101,25.432708168029784,26.220363960266113,1
2015-09-21,25.841379165649414,25.877267676484564,25.49371820104041,25.49595994952382,200888000,0.01551334062294707,25.565941047668456,26.186654357910157,0
2015-09-22,25.435394287109375,25.610346458431458,25.238010946124064,25.430907368673534,201384800,-0.015710650578577012,25.590389060974122,26.134196586608887,1
2015-09-23,25.641752243041992,25.73147180261867,25.412968991816815,25.486986045553678,143026800,0.008113023671003194,25.68392143249512,26.08608901977539,1
2015-09-24,25.79427719116211,25.90642622242803,25.204373902756387,25.40175558173138,200878000,0.005948304416735217,25.738426208496094,26.03562843322754,0
2015-09-25,25.72922706604004,26.173337922710438,25.57446087623308,26.117263414665388,224607600,-0.0025218820686457866,25.74964084625244,25.97631996154785,0
2015-09-28,25.22007179260254,25.697825994691254,25.22007179260254,25.536331134475855,208436000,-0.01978898441568555,25.6852668762207,25.901871185302735,0
2015-09-29,24.461942672729492,25.460069935780723,24.192785720478692,25.30754720650309,293461600,-0.03006054566805072,25.523323822021485,25.80131881713867,1
2015-09-30,24.740076065063477,25.018205173145,24.38792818838707,24.710916222809423,265892000,0.011370045137259366,25.386277198791504,25.712223892211913,0
2015-10-01,24.578577041625977,24.587549167630684,24.06941958622165,24.464184574138518,255716400,-0.006527830513244015,25.288931465148927,25.644594535827636,1
2015-10-02,24.758012771606445,24.899321607654304,24.12325072837669,24.226427603641095,232079200,0.0073004930137565704,25.220071029663085,25.580821914672853,1
2015-10-05,24.847734451293945,24.980071173318276,24.464185041372186,24.645865890477733,208258800,0.003623945124965555,25.12070655822754,25.521791076660158,1
2015-10-06,24.966615676879883,25.06306390790795,24.621196470669094,24.814092932725227,192787200,0.004784388927649097,25.07382869720459,25.47286361694336,0
2015-10-07,24.847734451293945,25.069789012562733,24.540447258239688,25.063060345745207,187062400,-0.004761607545231916,24.994426918029784,25.418834419250487,0
2015-10-08,24.560640335083008,24.715406561509567,24.27129559975703,24.715406561509567,247918400,-0.011554136525955494,24.871063232421875,25.360804939270018,1
2015-10-09,25.148298263549805,25.18418506209718,24.558393290241394,24.672785776174173,211064400,0.02392681625761095,24.81297035217285,25.31729751586914,0
2015-10-12,25.031658172607422,25.28960123253007,24.99577138000303,25.285116025176293,121868800,-0.004638090805191508,24.79412899017334,25.276235580444336,1
2015-10-13,25.074283599853516,25.22231944888777,24.82531258391268,24.85671417950354,132197200,0.001702860711510601,24.85536308288574,25.24879810333252,0
2015-10-14,24.719886779785156,25.013716664543725,24.57409271155276,24.962129073655152,177849600,-0.014133876194589612,24.85334415435791,25.23124252319336,1
2015-10-15,25.089982986450195,25.143814045684113,24.782694005441982,24.88138570675293,150694000,0.014971597967337269,24.904484748840332,25.217694969177245,0
2015-10-16,24.90605354309082,25.12137944728802,24.79166106824106,25.072033606715255,156930400,-0.0073307918725455945,24.91928882598877,25.199347381591796,1
2015-10-19,25.060827255249023,25.065312464257488,24.69746372025096,24.852229955552506,119036800,0.006214300948579554,24.94059810638428,25.182345657348634,1
2015-10-20,25.518388748168945,25.608108311660388,24.85671017602895,24.973344410686988,195871200,0.018258036267501332,24.995775413513183,25.15565414428711,0
2015-10-21,25.516145706176758,25.92436807367214,25.50268666001744,25.569976757039264,167180800,-8.7899044658446e-05,25.062616539001464,25.156865425109864,1
2015-10-22,25.906423568725586,25.906423568725586,25.592405971095445,25.643995273146963,166616400,0.015295329750933062,25.197194862365723,25.15803176879883,1
2015-10-23,26.709415435791016,26.743060489612784,26.092595723673156,26.175584917007193,237467600,0.03099585957649542,25.353306579589844,25.175661659240724,0
2015-10-26,25.85707664489746,26.496325688647662,25.77632921713342,26.485111813893756,265335200,-0.0319115479311991,25.435848426818847,25.172611160278322,0
2015-10-27,25.693340301513672,26.1396929069345,25.56773223968678,25.88399328684352,279537600,-0.006332360986991192,25.497754096984863,25.160902786254884,1
2015-10-28,26.752025604248047,26.758755982685184,26.032029124710814,26.22716902919141,342205600,0.041204658106365644,25.70096797943115,25.17332878112793,1
2015-10-29,27.034643173217773,27.070531681932156,26.527729110805993,26.624177338903035,204909200,0.010564342795965631,25.89543399810791,25.198091278076173,0
2015-10-30,26.803617477416992,27.18941040444977,26.792401890203436,27.1378210990291,197461200,-0.008545542632856007,26.08519039154053,25.228820075988768,1
2015-11-02,27.180437088012695,27.22081080445379,26.828289226765772,27.095204447196274,128813200,0.014058535603009181,26.297151374816895,25.2979935836792,1
2015-11-03,27.492216110229492,27.69856993697857,27.07277807674856,27.09296579417976,182076000,0.011470714073038124,26.49453411102295,25.385245628356934,0
2015-11-04,27.364368438720703,27.7725909158316,27.279135776030284,27.61782467787867,179544400,-0.0046503225129682635,26.679356384277344,25.46715950012207,0
2015-11-05,27.238218307495117,27.63692624256414,27.071527737980944,27.447708480518628,158210800,-0.004610014351622449,26.8125358581543,25.5198588180542,1
2015-11-06,27.269756317138672,27.4386999620281,27.170643880773742,27.28101991423142,132169200,0.001157858758877639,26.868569946289064,25.558699226379396,0
2015-11-09,27.159372329711914,27.43869192625671,27.042238859736074,27.247222861839578,135485600,-0.004047853825425718,26.998799514770507,25.593672142028808,0
2015-11-10,26.30339241027832,26.596228681477918,26.143459336143636,26.33267706854822,236511600,-0.03151692568746023,27.059804725646973,25.613902969360353,0
2015-11-11,26.15472412109375,26.44981174975811,25.951991440926772,26.213291721716057,180872000,-0.005652057607842154,27.000074577331542,25.65376983642578,0
2015-11-12,26.06687355041504,26.31465717319497,26.051105548563132,26.188513158379727,130102400,-0.0033588796529442355,26.90329761505127,25.671154289245607,0
2015-11-13,25.305505752563477,26.03309050593874,25.289737747064134,25.949744351965816,183249600,-0.02920825147592121,26.75348644256592,25.682148971557616,1
2015-11-16,25.719974517822266,25.733489456288183,25.00365356321389,25.0892510378034,152426800,0.01637860034537364,26.607440185546874,25.70636745452881,0
2015-11-17,25.609596252441406,25.9159474336029,25.526250129222316,25.88666277806434,110467600,-0.0042915386756846585,26.419178199768066,25.71474109649658,1
2015-11-18,26.4205322265625,26.46558317527937,26.01731987678746,26.075887484986215,186698800,0.03166531663082295,26.324794578552247,25.74902317047119,1
2015-11-19,26.75616455078125,26.97466524569888,26.301143813878102,26.499370380292167,173183200,0.012703465673614023,26.27658920288086,25.77916187286377,1
2015-11-20,26.873300552368164,27.012959518830655,26.771933344024283,26.850773360347215,137148400,0.004377907056319685,26.236943626403807,25.804286270141603,0
2015-11-23,26.524158477783203,26.970170561229907,26.43180177196358,26.86655025567188,129930000,-0.012992154570094061,26.173422241210936,25.81749320983887,1
2015-11-24,26.778696060180664,26.884567696519056,26.382242837981483,26.429546857042165,171212800,0.009596443280591282,26.220952606201173,25.831439666748047,0
2015-11-25,26.587223052978516,26.857533903611337,26.562444515372583,26.853027777546504,85553200,-0.007150199052703865,26.264202499389647,25.84097328186035,0
2015-11-27,26.537660598754883,26.67281685596777,26.49035659616365,26.64578526080855,52185600,-0.0018641455756727154,26.311281204223633,25.860685806274414,1
2015-11-30,26.64803123474121,26.898067838056335,26.52413860478048,26.578200062134822,156721200,0.004159019050515189,26.445533752441406,25.884714088439942,0
2015-12-01,26.43178939819336,26.762919139912682,26.323666453091068,26.749404201420703,139409600,-0.008114739683505623,26.516715240478515,25.896522293090822,0
2015-12-02,26.193021774291992,26.605244669983524,26.14797082421379,26.431794903156916,133546400,-0.009033350724173328,26.575057792663575,25.911674842834472,0
2015-12-03,25.949737548828125,26.307898892106483,25.728985529710997,26.253837418650917,166278000,-0.00928813130307271,26.527978324890135,25.917834548950196,1
2015-12-04,26.812482833862305,26.86203991202769,25.92947111671946,25.970017660801716,231108000,0.03324678268559755,26.533610153198243,25.9381986618042,0
2015-12-07,26.643535614013672,26.999443928947482,26.537664000962682,26.80121736144958,128336800,-0.006301065846660903,26.510633659362792,25.95648483276367,0
2015-12-08,26.632280349731445,26.715624791998106,26.323675966826006,26.47234549971866,137238000,-0.0004224388401480317,26.52144584655762,25.98472900390625,0
2015-12-09,26.044347763061523,26.51063206197819,25.922708156572398,26.499368467113474,185445600,-0.022075938633465575,26.448011016845705,26.01637710571289,1
2015-12-10,26.16823959350586,26.341689336187937,26.019570104075996,26.13895665188963,116850800,0.004756956540875601,26.406112670898438,26.044940376281737,0
2015-12-11,25.494720458984375,25.992540822311103,25.420384848355226,25.947489874490497,187544800,-0.025738037597631602,26.301818656921387,26.063263244628907,0
2015-12-14,25.33704376220703,25.382094715964918,24.731098638236222,25.269465612986476,257274800,-0.006184680354939021,26.17071990966797,26.07484386444092,0
2015-12-15,24.888771057128906,25.409118521842476,24.85723505545938,25.215396386682134,213292400,-0.017692383897870978,26.016418075561525,26.075664596557615,1
2015-12-16,25.080242156982422,25.226660301473622,24.508087955539885,25.019423211298896,224954000,0.007693071683371633,25.905140113830566,26.077937126159668,0
2015-12-17,24.54863739013672,25.28523088788774,24.54863739013672,25.233420749936244,179091200,-0.021196157657421333,25.765030097961425,26.071955184936524,0
2015-12-18,23.884124755859375,24.670275329617848,23.83456768085976,24.532869419732833,385813200,-0.02706922684614399,25.472194290161134,26.058424873352052,1
2015-12-21,24.176958084106445,24.185968616497497,23.780503251816764,24.1656944889718,190362400,0.012260584435912047,25.22553653717041,26.038998069763185,0
2015-12-22,24.154434204101562,24.264810225644474,23.978731388772907,24.192727680349428,131157600,-0.0009316258863719673,24.97775192260742,26.021453590393065,1
2015-12-23,24.465290069580078,24.519351549372036,24.147675223812477,24.163443227026107,130629600,0.012869515503937112,24.819846153259277,26.009273719787597,0
2015-12-24,24.334640502929688,24.55314120884414,24.316619436371415,24.55314120884414,54281600,-0.005340201006357126,24.63648624420166,26.00156879425049,0
2015-12-28,24.062076568603516,24.2580517863807,23.917911483773185,24.23552459552697,106816800,-0.011200655883671584,24.493221855163576,25.981010665893553,1
2015-12-29,24.49457550048828,24.650004204080133,24.071090715043937,24.093616190696064,123724800,0.017974297881218515,24.408975028991698,25.972781105041506,0
2015-12-30,24.174705505371094,24.485561145461162,24.143169500662683,24.45853126633016,100855200,-0.013058809494812862,24.337568473815917,25.955058670043947,0
2015-12-31,23.710670471191406,24.10937659210281,23.611556347279446,24.104872185826398,163649200,-0.019195064613158896,24.200611305236816,25.918904304504395,1
2016-01-04,23.73094940185547,23.735455527953878,22.97633482722698,23.11374245730787,270597600,0.0008552660157248315,24.11884250640869,25.883200378417968,0
2016-01-05,23.136268615722656,23.84357919872016,23.06869218950172,23.82105372331318,223164000,-0.025059291816041496,24.04405689239502,25.82779727935791,0
2016-01-06,22.683504104614258,23.059686671936895,22.496541071339877,22.65196808846754,273829600,-0.019569469849633148,23.8947114944458,25.747279052734374,0
2016-01-07,21.72614860534668,22.555098693762698,21.72164419837296,22.2284750527924,324377600,-0.042204921023327846,23.651882934570313,25.66466049194336,1
2016-01-08,21.841032028198242,22.325337438994353,21.7959810814847,22.199193413329677,283192000,0.005287795132879136,23.389457130432127,25.587614326477052,1
2016-01-11,22.194686889648438,22.31407344302432,21.926629121332716,22.293801032941662,198957600,0.01619222301371126,23.175461769104004,25.49646755218506,1
2016-01-12,22.516803741455078,22.681242941827485,22.264514002903095,22.64970693933139,196616800,0.01451324154326672,23.02093448638916,25.406110763549805,0
2016-01-13,21.937896728515625,22.793878605915328,21.917624314726094,22.597903346364497,249758400,-0.025709999500224012,22.765266609191894,25.30879634857178,1
2016-01-14,22.41768455505371,22.633933835682154,21.56620924244206,22.066282481552484,252680400,0.021870274642803,22.589564514160156,25.2135412979126,0
2016-01-15,21.87932014465332,22.00997026413208,21.48061403630687,21.669830028448768,319335600,-0.024015165753549006,22.406429481506347,25.101283378601075,0
2016-01-19,21.773452758789062,22.221715978686518,21.51215249001138,22.167654505988224,212350800,-0.0048386963198273625,22.210679817199708,24.98946506500244,1
2016-01-20,21.80274200439453,22.118103837081524,21.04362123011172,21.422055085619366,289337600,0.0013451814891254354,22.077327156066893,24.88075553894043,0
2016-01-21,21.69235610961914,22.04826260793072,21.386004950593847,21.863551031334552,208646000,-0.005062936338610102,21.978212356567383,24.769207534790038,1
2016-01-22,22.845684051513672,22.85469458488389,22.158647638223634,22.217213527254792,263202000,0.05316748148824213,22.090165901184083,24.682933769226075,0
2016-01-25,22.39967155456543,22.870460275096484,22.347861422573573,22.868207212335967,207178000,-0.019522833982232646,22.1460298538208,24.604859352111816,1
2016-01-26,22.523563385009766,22.72404301390903,22.09106812167091,22.51004844508774,300308000,0.0055309663868301495,22.178917503356935,24.532236137390136,0
2016-01-27,21.043617248535156,21.76669574806189,21.02559618297217,21.633794256347503,533478800,-0.06570657187661377,22.031598854064942,24.431771011352538,1
2016-01-28,21.194543838500977,21.29140493610256,20.81160557463448,21.1269674076571,222715200,0.00717208397127278,21.957263565063478,24.34955177307129,1
2016-01-29,21.926624298095703,21.926624298095703,21.253103009031683,21.352217130522604,257666000,0.03454098683005702,21.908157539367675,24.27368476867676,0
2016-02-01,21.721647262573242,21.784719280602793,21.48963160257156,21.73065779637512,163774000,-0.00934831703849015,21.892390251159668,24.195925788879393,0
2016-02-02,21.282384872436523,21.63378693914292,21.23733222376723,21.494126306142334,149428800,-0.020222333270901394,21.843283462524415,24.093162841796875,1
2016-02-03,21.703622817993164,21.81399883237092,21.192287564028874,21.39952465347622,183857200,0.019792798038447135,21.833371543884276,23.992112007141113,1
2016-02-04,21.878009796142578,22.043341274884668,21.558673279542926,21.710414757132185,185886800,0.008034924842355906,21.851936912536623,23.8922061920166,0
2016-02-05,21.293685913085938,21.950479402177063,21.21894869617274,21.859886898869963,185672400,-0.026708274130111453,21.69673709869385,23.787596740722655,1
2016-02-08,21.51791000366211,21.67418035345721,21.071743199945878,21.092125612911335,216085600,0.01053007410231288,21.608560943603514,23.682381019592285,0
2016-02-09,21.513381958007812,21.72853946722121,21.27331318376394,21.354846301037156,177324800,-0.0002104314802657825,21.50754280090332,23.58090419769287,0
2016-02-10,21.35032081604004,21.821400777558576,21.31181953700781,21.72401407135916,169374400,-0.007579521540874157,21.538213157653807,23.477157402038575,0
2016-02-11,21.221220016479492,21.452231070787203,20.96982654862582,21.24160415793437,200298800,-0.0060467849955470054,21.54088077545166,23.36862117767334,1
2016-02-12,21.286901473999023,21.402407011526563,21.06495155410116,21.332198610239757,161405600,0.0030950839522196905,21.476908493041993,23.265723419189452,1
2016-02-16,21.88707733154297,21.934638033430748,21.427322152051858,21.520178266811072,196231600,0.028194608702306168,21.493451499938963,23.179604530334473,1
2016-02-17,22.22226333618164,22.242645748166105,21.776096553939176,21.893865632747673,179452800,0.01531433363903778,21.587439346313477,23.105055046081542,0
2016-02-18,21.801008224487305,22.396651175658235,21.762505235441324,22.38532646219024,156084000,-0.018956444954392193,21.59717788696289,23.004825553894044,0
2016-02-19,21.751184463500977,21.91425067774679,21.69682963472199,21.742125037386337,141496800,-0.0022853879267090704,21.58449535369873,22.90697853088379,1
2016-02-22,21.941425323486328,21.945955900104785,21.724004299335455,21.8123315363996,137123200,0.008746229903230374,21.64926929473877,22.813161430358885,0
2016-02-23,21.445438385009766,21.855367523451385,21.41373125429655,21.832719819786092,127770400,-0.02260504644361705,21.642022132873535,22.721183242797853,1
2016-02-24,21.76476287841797,21.828177104582437,21.135147735916362,21.28462560722524,145022800,0.014890089336266898,21.66716022491455,22.633113708496094,1
2016-02-25,21.91425132751465,21.91425132751465,21.57226532515957,21.753450397006887,110330800,0.006868370215276309,21.723553276062013,22.5615043258667,1
2016-02-26,21.948219299316406,22.199610986924736,21.873480342723052,22.013897103452752,115964400,0.001550040258920804,21.796253204345703,22.493727836608887,0
2016-02-29,21.898395538330078,22.2471756430575,21.88933611286731,21.93689680061531,140865200,-0.0022700593750619724,21.85740261077881,22.43392032623291,1
2016-03-01,22.76807975769043,22.822434582820552,22.06372540771771,22.11581667240276,201628400,0.039714517798260296,21.945502853393556,22.38767707824707,1
2016-03-02,22.817907333374023,22.84961446091474,22.566513873652035,22.763552504434063,132678400,0.0021884838868224676,22.00506725311279,22.353062477111816,1
2016-03-03,22.987770080566406,23.035330776832286,22.74996487132797,22.779408441332347,147822800,0.00744427368867151,22.1237434387207,22.33513538360596,1
2016-03-04,23.329757690429688,23.49735278309212,22.958329794308,23.184810303060697,184220400,0.014876937113286859,22.281600761413575,22.31819137573242,0
2016-03-07,23.071563720703125,23.288984742123198,22.865465684869566,23.18933279267324,143315600,-0.011067151796114838,22.394614601135252,22.29653396606445,0
2016-03-08,22.88132095336914,23.046652452021572,22.73863888339616,22.824700837488127,126247600,-0.008245768238208773,22.538202857971193,22.264854583740235,1
2016-03-09,22.901708602905273,23.00588942474126,22.709198797083857,22.944738722590504,108806800,0.0008910171566440805,22.651897430419922,22.236195945739745,1
2016-03-10,22.91303062438965,23.155364678153827,22.682021286222742,22.967387185765745,134054400,0.0004943745325158844,22.751775360107423,22.21321502685547,1
2016-03-11,23.159887313842773,23.1644161617833,22.987761717659737,23.155356737993834,109632800,0.010773637651859014,22.872942161560058,22.186521263122557,1
2016-03-14,23.21877098083496,23.30709993082122,23.051175960470374,23.0806195197686,100304400,0.0025424850386466247,23.00497970581055,22.167402572631836,1
2016-03-15,23.685327529907227,23.821215463816046,23.51999602958046,23.54490901905311,160270800,0.020093938195840266,23.096704483032227,22.166895713806152,1
2016-03-16,24.00013542175293,24.077137951320523,23.68759127068511,23.692121847664875,153214000,0.013291261919354813,23.21492729187012,22.1722794342041,0
2016-03-17,23.961631774902344,24.113373258371606,23.77138730256809,23.898215798851812,137682800,-0.0016043095663405005,23.31231346130371,22.188786697387695,1
2016-03-18,23.988821029663086,24.120180172058983,23.823491184845476,24.083942452263045,176820800,0.0011346996321519587,23.37821979522705,22.21489303588867,0
2016-03-21,23.986547470092773,24.380623005113264,23.812156540105804,23.991076319224767,142010800,-9.477579442107587e-05,23.469718170166015,22.260101013183593,1
2016-03-22,24.170000076293945,24.29909389666317,23.828014025596502,23.83707345326038,129777600,0.007648145546161,23.598586082458496,22.306680374145508,0
2016-03-23,24.0363712310791,24.249263422019336,23.98428169153553,24.115640776494775,102814000,-0.00552870685945539,23.71205234527588,22.343514060974123,0
2016-03-24,23.93218994140625,24.063549023716174,23.755535457979903,23.88689454028983,104532000,-0.004334318548805949,23.81396827697754,22.371821784973143,0
2016-03-28,23.82347869873047,24.049959145025742,23.794035134850528,24.006927307298863,77645600,-0.004542469491590317,23.880327415466308,22.409533424377443,1
2016-03-29,24.387414932250977,24.41232791999096,23.75326898090197,23.755534269217073,124760400,0.0236714478457154,23.99719181060791,22.448928031921387,1
2016-03-30,24.813199996948242,25.007973341395775,24.595778950848203,24.607103665628895,182404400,0.01745921270787054,24.10997905731201,22.507605628967283,0
2016-03-31,24.684106826782227,24.890204891270198,24.659193835956014,24.849438336091747,103553600,-0.005202600639252153,24.17837619781494,22.56581871032715,1
2016-04-01,24.910585403442383,24.912850691865195,24.50518517119843,24.636544253180922,103496000,0.009175076831802853,24.273271560668945,22.627975578308106,1
2016-04-04,25.1665096282959,25.40884365418212,24.973999852742512,25.007972267717157,149424800,0.010273713793099049,24.391040420532228,22.69745864868164,0
2016-04-05,24.86981964111328,25.078182984908835,24.781492396815462,24.80187653745049,106314800,-0.011789079676310599,24.479367637634276,22.737941360473634,1
2016-04-06,25.130271911621094,25.134802488500018,24.7316658138071,24.96494214162522,105616400,0.010472624018440735,24.57539482116699,22.792553367614747,0
2016-04-07,24.582185745239258,25.007968325801674,24.48706438063093,24.901522248683936,127207600,-0.021809798489620835,24.629976272583008,22.833725814819335,1
2016-04-08,24.609373092651367,24.86076486955153,24.498396398446378,24.66599322025871,94326800,0.0011059776251740594,24.69769458770752,22.90504093170166,1
2016-04-11,24.690898895263672,25.051003723810304,24.647868783004864,24.67957590905189,117630000,0.0033127947756073084,24.78443660736084,22.974968032836912,1
2016-04-12,25.012502670288086,25.026090945019725,24.609367726100686,24.76337278081606,108929200,0.01302519508862865,24.846945381164552,23.036685600280762,1
2016-04-13,25.374874114990234,25.44281722473084,25.094038793329254,25.094038793329254,133029200,0.014487612434424868,24.90311279296875,23.1097501373291,1
2016-04-14,25.388456344604492,25.454135877913863,25.214067170437854,25.27974670374722,101895600,0.0005352629357966432,24.973547744750977,23.191871566772463,0
2016-04-15,24.878881454467773,25.433759691123253,24.851704901558435,25.39072784513812,187756000,-0.0200711253658008,24.970377349853514,23.255376739501955,0
2016-04-18,24.34212303161621,24.675047889615044,24.21982336365566,24.661459613589077,243286000,-0.02157486154809307,24.887938690185546,23.304659004211427,0
2016-04-19,24.213031768798828,24.45989469138026,24.059024955329328,24.432716408564772,129539600,-0.005303204763599134,24.8222599029541,23.363045921325682,1
2016-04-20,24.262847900390625,24.480268906348236,24.020513908842275,24.151872973246423,122444000,0.0020574099132844026,24.735517501831055,23.417944679260255,0
2016-04-21,24.00013542175293,24.217556463242936,23.89821817461431,24.217556463242936,126210000,-0.010827767610638417,24.677312469482423,23.467679748535158,0
2016-04-22,23.9344539642334,24.115639014935994,23.694385240774857,23.78271247781748,134732400,-0.002736711954550053,24.609820556640624,23.519362411499024,0
2016-04-25,23.798568725585938,23.927662527208124,23.66947492396375,23.78044987288941,112126400,-0.005677390378344249,24.520587539672853,23.57090938568115,0
2016-04-26,23.63323402404785,23.848391482941093,23.533583803504545,23.533583803504545,224064800,-0.0069472539901247465,24.38266067504883,23.617836036682128,0
2016-04-27,22.154314041137695,22.355881471481243,21.66964609313091,21.74211975653636,458408400,-0.06257797732656012,24.060604667663576,23.623180770874022,0
2016-04-28,21.477142333984375,22.16790669694198,21.345783253113265,22.106757733313717,328970800,-0.030566132893841802,23.669473266601564,23.608278350830076,0
2016-04-29,21.23027801513672,21.45222962808324,20.951708014622803,21.286898130612904,274126000,-0.011494281455546873,23.304612922668458,23.596863746643066,0
2016-05-02,21.20763397216797,21.30728594552366,20.92679863478541,21.282372952184737,192640400,-0.0010665919189850603,22.991164016723634,23.585992736816408,1
2016-05-03,21.556407928466797,21.683236419465825,21.216687275083462,21.334456341309902,227325200,0.01644567973761446,22.72550163269043,23.578292388916015,0
2016-05-04,21.332191467285156,21.71947278094204,21.248393089230976,21.560935449048333,164102000,-0.01040138328824014,22.432435989379883,23.576027450561522,0
2016-05-05,21.2456111907959,21.434734920892943,21.11801047575662,21.418784831513033,143562000,-0.004058667700505003,22.15698356628418,23.565644416809082,0
2016-05-06,21.127119064331055,21.293455415162843,20.92888080536488,21.275227988494596,174799600,-0.005577251951037199,21.876250076293946,23.54990177154541,1
2016-05-09,21.143070220947266,21.36637142020525,21.097497305894343,21.19092047793112,131745600,0.0007550086013923263,21.61070022583008,23.53379878997803,1
2016-05-10,21.286623001098633,21.320802256007195,20.988127767650703,21.26611649121097,134747200,0.0067895900950631916,21.376039123535158,23.5215633392334,0
2016-05-11,21.079275131225586,21.320805556693756,21.067881465015834,21.300299043631465,114876400,-0.009740759248770714,21.268535232543947,23.4877872467041,0
2016-05-12,20.584821701049805,21.140799310553067,20.38658509385418,21.12712829996844,305258800,-0.02345685167528966,21.17930316925049,23.443125534057618,1
2016-05-13,20.625825881958008,20.887864460354056,20.507339794719382,20.507339794719382,177571200,0.001991961917557461,21.11885795593262,23.395886650085448,1
2016-05-16,21.391433715820312,21.507642463277467,20.883308372958975,21.05192379387707,245039200,0.03711889348062436,21.13723793029785,23.357120170593262,0
2016-05-17,21.30257225036621,21.57828188250692,21.19320072507569,21.54410436737179,187667600,-0.004154067774727155,21.111854362487794,23.321740341186523,1
2016-05-18,21.546384811401367,21.694493772549624,21.393719427055466,21.455242440014104,168249600,0.011445216951721182,21.133273696899415,23.295041618347167,0
2016-05-19,21.464351654052734,21.56461033172737,21.320800878824148,21.56461033172737,121768400,-0.0038072817350418564,21.155147743225097,23.266294479370117,1
2016-05-20,21.69677734375,21.744627620160248,21.537274683952855,21.564618444085706,128104000,0.010828451445603404,21.21211357116699,23.241969413757325,1
2016-05-23,21.972476959228516,22.14565055016951,21.79930336828752,21.84487628086613,152074400,0.012706938505682386,21.295054244995118,23.21822120666504,1
2016-05-24,22.307432174682617,22.350724271888282,22.065900065721316,22.15248773699063,140560800,0.015244308417099894,21.397135162353514,23.19999443054199,1
2016-05-25,22.699357986450195,22.726700006592417,22.35528974608091,22.482890475890102,152675200,0.017569292991614915,21.559143447875975,23.18027503967285,1
2016-05-26,22.87936019897461,22.9522751279102,22.476048140151935,22.713022093799868,225324800,0.007929837162437003,21.788597297668456,23.157859535217284,0
2016-05-27,22.865690231323242,22.893033984905465,22.615045241321894,22.65833908321977,145364800,-0.0005974803286666885,22.01258373260498,23.135940704345703,0
2016-05-31,22.754032135009766,22.877076378047455,22.51705823046629,22.694788224266727,169228800,-0.004883215646843575,22.148843574523926,23.11124492645264,0
2016-06-01,22.435026168823242,22.6811146267492,22.40540508605434,22.56262681881664,116693200,-0.014019755456690874,22.262088966369628,23.080214500427246,0
2016-06-02,22.266414642333984,22.293756650121292,22.018047061550345,22.239070896117898,160766400,-0.007515548465174882,22.33409194946289,23.04214279174805,1
2016-06-03,22.311992645263672,22.3917430897742,22.204898446165547,22.28237154828242,114019600,0.0020469394674360597,22.418856048583983,23.007655220031737,1
2016-06-06,22.47376823425293,23.216590240671206,22.227681444651946,22.327938381737916,93170000,0.007250611434008292,22.496555137634278,22.978486785888673,1
2016-06-07,22.564912796020508,22.75631556794565,22.54896270989583,22.61504213482064,89638000,0.0040555976557887785,22.555798721313476,22.95331546783447,0
2016-06-08,22.544401168823242,22.68567283144387,22.4851572601989,22.562628592806522,83392400,-0.0009090053829449163,22.57949562072754,22.91645519256592,1
2016-06-09,22.706186294555664,22.783657644976127,22.435033091226014,22.44414767452766,106405600,0.007176288450551294,22.580178451538085,22.874314918518067,0
2016-06-10,22.51933479309082,22.637820862903038,22.439584386637552,22.45097630845746,126851600,-0.00822910104941954,22.544175910949708,22.831019477844237,0
2016-06-13,22.179821014404297,22.585411984556202,22.12513527511405,22.487432426679174,152082000,-0.015076545635383964,22.475588989257812,22.776404190063477,1
2016-06-14,22.207176208496094,22.43959376261823,22.045396248257337,22.17527603258587,127727600,0.001233337008176516,22.420903396606445,22.71721752166748,0
2016-06-15,22.13426399230957,22.423646430179,22.109199316953024,22.28920846795485,117780800,-0.003283272735892795,22.390827178955078,22.662506408691407,1
2016-06-16,22.22768783569336,22.27325902579635,21.89045511827106,21.97704107483852,125307200,0.004220779304712652,22.386954498291015,22.60445472717285,0
2016-06-17,21.721832275390625,22.02260654816734,21.714996773032112,22.015771045808826,244032800,-0.02275790284810586,22.32793846130371,22.54724765777588,0
2016-06-20,21.66942596435547,22.004379519882672,21.653475877826985,21.874499747171008,137647600,-0.002412610058430853,22.247504234313965,22.488448715209962,1
2016-06-21,21.853988647460938,21.95424556811044,21.57372091341449,21.63296482454512,142185600,0.008517192998515943,22.176411819458007,22.431710510253907,0
2016-06-22,21.77196502685547,22.077295769638027,21.726392106599683,21.931465901677825,116876400,-0.0037532563015675313,22.09916820526123,22.366899757385255,1
2016-06-23,21.897281646728516,21.940575476479815,21.703601560540676,21.86082505727644,128960800,0.005755870897205195,22.018277740478517,22.29734790802002,0
2016-06-24,21.282068252563477,21.569171582580047,21.11117370300611,21.170417633612853,301245600,-0.028095423171257128,21.894551086425782,22.2152201461792,0
2016-06-27,20.972171783447266,21.202310180795983,20.84912754343197,21.190916519553806,181958400,-0.01456138874467161,21.77378616333008,22.137085952758788,1
2016-06-28,21.32535743713379,21.341309261800948,20.994962048588413,21.16813565519468,161779600,0.016840680942985742,21.685604286193847,22.07675064086914,1
2016-06-29,21.509923934936523,21.544103186627478,21.334471254189793,21.411944340584558,146124000,0.008654790352135011,21.62317028045654,22.022688484191896,1
2016-06-30,21.783353805541992,21.822089478340487,21.487137689611927,21.51903785996703,143345600,0.012711800907922344,21.578736877441408,21.97309860229492,1
2016-07-01,21.84943389892578,21.9815927449947,21.721833213578662,21.758289807208286,104106000,0.003033513295229051,21.591497039794923,21.93008457183838,0
2016-07-05,21.644363403320312,21.737786589539503,21.52359820234758,21.735507508833635,110820800,-0.009385620540747763,21.588990783691408,21.884282760620117,1
2016-07-06,21.76741600036621,21.797038845571063,21.503099905678365,21.55550661292868,123796400,0.005685202874898154,21.580333518981934,21.843659706115723,1
2016-07-07,21.860828399658203,21.988429089892936,21.787913471177067,21.806140899475583,100558400,0.004291386689647458,21.589219856262208,21.80821159362793,1
2016-07-08,22.02944564819336,22.07729591094634,21.88589485993442,21.986151808280546,115648400,0.0077132140398574744,21.60243625640869,21.805714225769044,1
2016-07-11,22.09780502319336,22.25047040152665,22.040840174105185,22.045396597123375,95179600,0.003103091021521287,21.68400993347168,21.818127479553223,1
2016-07-12,22.198062896728516,22.261863252206457,22.129706118043277,22.141098045276166,96670000,0.004537005980002506,21.806599044799803,21.83748317718506,0
2016-07-13,22.072734832763672,22.25502126122021,22.065897592301713,22.195779084646954,103568800,-0.005645900930540848,21.881336784362794,21.85478519439697,1
2016-07-14,22.51023292541504,22.55580411528833,22.175279290715043,22.191229381013642,155676000,0.019820746996967786,21.981367683410646,21.873861694335936,0
2016-07-15,22.50794792175293,22.62643576573226,22.444147577346676,22.539848093956056,120548000,-0.00010150955210819212,22.05382709503174,21.897376823425294,1
2016-07-18,22.74720001220703,22.81555677620662,22.46693223836481,22.48971782636467,145975600,0.010629671406999996,22.143603706359862,21.927408599853514,1
2016-07-19,22.756317138671875,22.78593823253969,22.63555020575895,22.685679548019195,95119600,0.00040080214092075295,22.25479907989502,21.959992561340332,1
2016-07-20,22.776817321777344,22.890746981293095,22.726687993441832,22.785931903150043,105104000,0.0009008568029942321,22.355739212036134,21.992667503356934,0
2016-07-21,22.65605926513672,23.013798438655886,22.58770075262052,22.747203369015253,130808000,-0.005301796775845635,22.435262298583986,22.020056228637696,0
2016-07-22,22.48061180114746,22.626441694697156,22.400859611312615,22.617327109046617,113254800,-0.00774395325930477,22.480378913879395,22.048082962036133,0
2016-07-25,22.179821014404297,22.521609927217888,22.084120536039286,22.38717378929013,161531600,-0.013380008934090082,22.48858051300049,22.079982948303222,0
2016-07-26,22.027164459228516,22.323382329932556,21.97019961781843,22.061343711760365,224959200,-0.0068826775056769485,22.47149066925049,22.10800971984863,1
2016-07-27,23.458120346069336,23.777123796795603,23.41254916957799,23.758894630827488,369379200,0.0649632361663921,22.610029220581055,22.149343452453614,1
2016-07-28,23.774845123291016,23.79990979231886,23.42849965611466,23.430778736506912,159479200,0.013501711669526406,22.73649044036865,22.19878890991211,0
2016-07-29,23.745223999023438,23.822697086391937,23.624458814835958,23.74066757667422,110934800,-0.0012459018813358869,22.860218048095703,22.242765693664552,1
2016-08-01,24.164485931396484,24.187271519812555,23.79079671840026,23.79079671840026,152671600,0.01765668466173609,23.001946640014648,22.296768379211425,0
2016-08-02,23.80674934387207,24.169044932095982,23.697376074006293,24.164488509298266,135266400,-0.014804229170859884,23.106989860534668,22.338967819213867,1
2016-08-03,24.10524559020996,24.116637516895125,23.872828033938575,23.88194261834424,120810400,0.012538303404060702,23.23983268737793,22.381623191833498,1
2016-08-04,24.2541561126709,24.283937671156025,24.118989890337996,24.187718714961047,109634800,0.00617751525922694,23.399642372131346,22.42055767059326,1
2016-08-05,24.623003005981445,24.66194853346762,24.32518035942909,24.345797962975762,162213600,0.015207574800669033,23.613881492614745,22.459030570983888,1
2016-08-08,24.826892852783203,24.826892852783203,24.54968959670858,24.632161747114207,112148800,0.008280462247120202,23.878588676452637,22.49798122406006,1
2016-08-09,24.927690505981445,24.957473812255955,24.744416553749847,24.794817458663687,105260800,0.004060018859224357,24.16864128112793,22.539221229553224,0
2016-08-10,24.742124557495117,24.94830927837689,24.687142547875503,24.90478090734447,96034000,-0.007444169304083759,24.29704170227051,22.57898307800293,0
2016-08-11,24.726089477539062,24.95518323652753,24.707761557336784,24.861253956375855,109938000,-0.00064808823990814,24.392166137695312,22.624804344177246,1
2016-08-12,24.783355712890625,24.842920562309494,24.691717886364554,24.691717886364554,74641600,0.002316024756101598,24.49597930908203,22.67514316558838,1
2016-08-15,25.081186294555664,25.094931361217768,24.760454672281675,24.77419973894378,103472800,0.012017362988101299,24.58764934539795,22.73052703857422,0
2016-08-16,25.058273315429688,25.2530043978627,25.019327798081715,25.115546751946088,135177600,-0.0009135524475152312,24.71280174255371,22.782217140197755,0
2016-08-17,25.02161407470703,25.055978479112913,24.820010501043836,24.99412220161308,101424000,-0.0014629595687298824,24.804438591003418,22.831351165771483,0
2016-08-18,24.989551544189453,25.10867954837522,24.97580472797217,25.02391596296223,87938800,-0.001281393375417328,24.877978134155274,22.880254173278807,1
2016-08-19,25.053691864013672,25.12929321865578,24.8245981211078,24.918525646819003,101472400,0.002566685508973654,24.921047019958497,22.92720428466797,0
2016-08-22,24.858964920043945,24.994129402375847,24.707762196235322,24.93914738819395,103280800,-0.0077723852048099396,24.92425422668457,22.973996887207033,1
2016-08-23,24.936851501464844,25.044525831372784,24.863541579717417,24.877286643843057,85030800,0.0031331385546988777,24.92517032623291,23.02913749694824,0
2016-08-24,24.749000549316406,24.913948349076126,24.66881807661288,24.872711399136193,94700400,-0.0075330661586288095,24.925857925415038,23.07997398376465,0
2016-08-25,24.643613815307617,24.71463231618468,24.439720524273138,24.60237687173623,100344800,-0.004258221813797647,24.917610359191894,23.13016098022461,0
2016-08-26,24.499286651611328,24.730670085075193,24.354956467736542,24.60696099582057,111065200,-0.00585657463949707,24.889203453063963,23.175592956542967,0
2016-08-29,24.471792221069336,24.613830963198097,24.35037282356486,24.42597417410984,99881200,-0.001122254330624961,24.828264045715333,23.23059215545654,0
2016-08-30,24.283935546875,24.398482412662144,24.169388681087852,24.238117499698724,99455600,-0.007676457551506921,24.750830268859865,23.282882347106934,1
2016-08-31,24.306846618652344,24.414520961220756,24.201463702989773,24.206046556801446,118649600,0.0009434661747111939,24.679353523254395,23.331939506530762,1
2016-09-01,24.451175689697266,24.46721218161649,24.196881497944915,24.316009473938212,106806000,0.005937794947624697,24.625515937805176,23.3855237197876,1
2016-09-02,24.68027114868164,24.742125693863773,24.471794991368803,24.673396867797713,107210000,0.009369506885548606,24.588173866271973,23.44118350982666,0
2016-09-06,24.673389434814453,24.810847045536775,24.6298628227421,24.719209221003936,107521600,-0.00027883461351496663,24.569616317749023,23.50900993347168,1
2016-09-07,24.82459831237793,24.916236159815647,24.529067172010745,24.70317890735775,169457200,0.006128419363012894,24.55839099884033,23.586058464050293,0
2016-09-08,24.17397117614746,24.574885229446362,24.109825207275087,24.570304123604007,212008000,-0.026208969347393474,24.500888061523437,23.643030738830568,0
2016-09-09,23.626440048217773,24.219793825851863,23.626440048217773,23.97237213291147,186228000,-0.022649614494036352,24.399170684814454,23.68536106109619,1
2016-09-12,24.155649185180664,24.219795165153805,23.48898543364512,23.51647731699655,181171200,0.02239902143034911,24.364806938171387,23.732806968688966,1
2016-09-13,24.730667114257812,24.92310675369148,24.568010777936287,24.629867062979635,248704800,0.023804697802529695,24.390694427490235,23.790431632995606,1
2016-09-14,25.605798721313477,25.894457234847966,24.879572207053478,24.909355502768477,443554800,0.035386494145607905,24.52288074493408,23.86966033935547,1
2016-09-15,26.476364135742188,26.51301997404146,25.99984872493112,26.08461404011325,359934400,0.03399876035517213,24.739832496643068,23.96383930206299,0
2016-09-16,26.327455520629883,26.604658771448115,26.12585363308392,26.373275323149475,319547600,-0.005624209364581301,24.92746047973633,24.05317184448242,0
2016-09-19,26.020469665527344,26.616113091620228,25.944868305287013,26.389310758745914,188092000,-0.011660293371761221,25.0614803314209,24.1329923248291,0
2016-09-20,26.0181827545166,26.14418504345408,25.775343886215623,25.899054747759607,138057200,-8.788892130462411e-05,25.195959663391115,24.211399879455566,0
2016-09-21,26.013591766357422,26.114391811371693,25.759297605529163,26.082318831433565,144012800,-0.000176453067552651,25.314859008789064,24.287710456848146,1
2016-09-22,26.258724212646484,26.33203413703288,26.11668546946502,26.196867926161627,124296000,0.009423244913302709,25.523334312438966,24.3714302444458,0
2016-09-23,25.821149826049805,26.297665125086127,25.55540205210204,26.212899829787133,209924800,-0.016663962157991596,25.74280529022217,24.437648582458497,1
2016-09-26,25.860107421875,25.976945748852422,25.555413997333293,25.576031600292673,119477600,0.0015087475223853897,25.9132511138916,24.504691772460937,1
2016-09-27,25.908205032348633,25.928824373702057,25.736384761736854,25.887587438841383,98429600,0.0018599153394447399,26.031004905700684,24.56791187286377,1
2016-09-28,26.105234146118164,26.263309405238047,25.986106155894436,26.04567102492967,118564400,0.007604892485740367,26.080948448181154,24.634890213012696,0
2016-09-29,25.699735641479492,26.07086812688124,25.612680650119508,25.924248274145206,143548000,-0.015533226109713638,26.003285598754882,24.693348579406738,1
2016-09-30,25.8990478515625,25.972357778011098,25.61268067827166,25.763881636889035,145516400,0.007755418688483173,25.960444831848143,24.758208351135252,0
2016-10-03,25.777626037597656,25.899047184134982,25.722644031139744,25.821154406127008,86807200,-0.004688273277873356,25.936160469055174,24.82414863586426,1
2016-10-04,25.88758659362793,26.18769876385392,25.802821300335694,25.90133165551733,118947200,0.0042657363354519084,25.923100852966307,24.89830394744873,1
2016-10-05,25.8990478515625,26.038795171956153,25.81657396582702,25.979230310514634,85812400,0.00044273180480214336,25.911646461486818,24.97574161529541,1
2016-10-06,26.091487884521484,26.194579376189363,25.917376139540035,26.047959511314456,115117200,0.007430390262295861,25.894922828674318,25.028408966064454,1
2016-10-07,26.13043212890625,26.244979001991542,26.004431617220373,26.187705565448898,97433600,0.0014926034328563986,25.92585105895996,25.075520706176757,1
2016-10-10,26.586332321166992,26.746697258697147,26.281637192012965,26.35036427330586,144944000,0.017447097315945737,25.99847354888916,25.132342872619628,1
2016-10-11,26.643600463867188,27.191134317484888,26.620689693479395,26.964330275139694,256164000,0.0021540444920491453,26.072013092041015,25.181925163269042,1
2016-10-12,26.881853103637695,27.02847467520881,26.74668866370377,26.884144529965134,150347200,0.008942208846496325,26.14967498779297,25.243427238464356,0
2016-10-13,26.79938316345215,26.904766061091546,26.51072459731605,26.75585479891876,140769600,-0.0030678666335836047,26.259639739990234,25.2973099899292,1
2016-10-14,26.94829559326172,27.072006420704078,26.833748725020254,27.00556902738245,142608800,0.005556561839551888,26.364564514160158,25.351192779541016,0
2016-10-17,26.929973602294922,26.996409258081005,26.753570419030886,26.879572692790912,94499600,-0.0006798942405611408,26.479799270629883,25.397332191467285,0
2016-10-18,26.91164207458496,27.081170953777765,26.907059220964147,27.07429842119308,98214000,-0.0006807109424125102,26.582204818725586,25.43902717590332,0
2016-10-19,26.83146095275879,26.978080814699002,26.070869763501435,26.861242511393115,80138400,-0.002979421382164338,26.675446128845216,25.477102584838867,0
2016-10-20,26.817712783813477,26.89102271107884,26.650475331542438,26.77189473471508,96503200,-0.000512389875807262,26.748068618774415,25.518614349365233,0
2016-10-21,26.71233367919922,26.783353937622838,26.639023741486966,26.760443161962247,92770800,-0.003929459065497243,26.806258773803712,25.55833923339844,1
2016-10-24,26.95287322998047,26.97349082330702,26.803961980519464,26.82687100016435,94154800,0.009004812296447007,26.842912864685058,25.601729583740234,1
2016-10-25,27.090333938598633,27.11553438906691,26.874985270177547,27.02160511953125,192516000,0.00510003914778423,26.887586212158205,25.641912536621092,0
2016-10-26,26.480941772460938,26.50614222102865,25.95860838005083,26.187702095869042,264536800,-0.022494819278304545,26.847495079040527,25.67036590576172,0
2016-10-27,26.226652145385742,26.542800877615743,26.139595405493818,26.435126540073536,138248000,-0.009602741067904375,26.790221977233887,25.69446666717529,0
2016-10-28,26.05253791809082,26.39388706887383,25.990681635371622,26.08690232539633,151446800,-0.0066388277973769005,26.700646209716798,25.71572639465332,0
2016-10-31,26.01129913330078,26.169374346982334,25.93340636574529,26.036499580347005,105677600,-0.0015829085411829258,26.608778762817384,25.734878540039062,0
2016-11-01,25.541658401489258,26.063991804417213,25.32172863961677,25.99297331039435,175303200,-0.01805525857838719,26.471780395507814,25.74853240966797,1
2016-11-02,25.564573287963867,25.738685044826394,25.482101137709808,25.52104665963332,113326800,0.0008971573464184868,26.34509162902832,25.761086845397948,0
2016-11-03,25.290544509887695,25.66588382884695,25.226069216502793,25.555355256421397,107730400,-0.010719082810006775,26.192374801635744,25.771917724609374,0
2016-11-04,25.06258201599121,25.387263508213586,24.89448592624151,24.99119888939781,123348000,-0.009013744002520752,26.027399635314943,25.780297088623048,1
2016-11-07,25.42410659790039,25.447133242057223,25.20534908635963,25.348117091044536,130240000,0.014424873769131485,25.874522972106934,25.798793487548828,1
2016-11-08,25.573781967163086,25.725760988623172,25.26061467156694,25.401079491951407,97016800,0.005887143710884946,25.72286777496338,25.8208332824707,0
2016-11-09,25.532333374023438,25.63365272194597,24.880670700924725,25.30206340643254,236705600,-0.0016207455429497752,25.62800693511963,25.84580123901367,0
2016-11-10,24.82079315185547,25.580682780622972,24.369464351036118,25.580682780622972,228538000,-0.027868201928300418,25.4874210357666,25.856080169677735,1
2016-11-11,24.968172073364258,25.069491418921867,24.535265176853336,24.666518985043695,136575600,0.005937720064266738,25.378984451293945,25.866420097351075,0
2016-11-14,24.34184455871582,24.825411268329997,23.966505043840524,24.802384616790444,204702000,-0.025085036774341818,25.21203899383545,25.859651565551758,1
2016-11-15,24.664220809936523,24.795474644822434,24.44546500406692,24.539874794230805,129058000,0.013243706755381224,25.124295234680176,25.859468193054198,1
2016-11-16,25.327394485473633,25.38266054531642,24.546779397604602,24.56980604412884,235362000,0.026888085403043993,25.100577354431152,25.869524116516114,0
2016-11-17,25.318178176879883,25.410286500520794,25.06027697886951,25.285940527128584,110528000,-0.0003638869603833639,25.103340721130373,25.89240825653076,1
2016-11-18,25.3435115814209,25.454041936730885,25.25140500161971,25.265220637225806,113715600,0.0010006014004653174,25.13143367767334,25.926749687194825,1
2016-11-21,25.72806167602539,25.787930596694206,25.331997090331967,25.35732692477656,117058400,0.01517351269057765,25.16182918548584,25.958197937011718,1
2016-11-22,25.744182586669922,25.886948839478784,25.652074250032346,25.778721675691163,103862000,0.0006265886193654868,25.178869247436523,25.97846824645996,0
2016-11-23,25.612924575805664,25.677399873827863,25.405681291577086,25.64285903365308,109705600,-0.005098550339377339,25.186928367614748,25.978610763549806,1
2016-11-25,25.741880416870117,25.760302436292914,25.548452726571675,25.589901391862735,45903600,0.005034795643222401,25.279037094116212,25.963921089172363,0
2016-11-28,25.691221237182617,25.89846456763348,25.649772571092445,25.658983580981428,108776000,-0.001967967330556819,25.351342010498048,25.951196403503417,0
2016-11-29,25.665891647338867,25.797145465089997,25.345816517089258,25.50930799135326,114115200,-0.000985923931365762,25.48374671936035,25.944104843139648,0
2016-11-30,25.449438095092773,25.83629174207929,25.391870598557997,25.698130101759943,144649200,-0.008433509936855654,25.562268447875976,25.93272994995117,0
2016-12-01,25.21225929260254,25.546151813381687,25.10633531398931,25.414897996750025,148347600,-0.009319608613911456,25.550754928588866,25.916703300476073,1
2016-12-02,25.30666732788086,25.350417422829416,25.064883182701955,25.13856949489034,106112000,0.0037445289683348815,25.549603843688963,25.89766216278076,0
2016-12-05,25.124752044677734,25.336599957307254,24.926719765578795,25.32969214054196,137298000,-0.007188433026213081,25.52772789001465,25.88373420715332,1
2016-12-06,25.318178176879883,25.41258969173736,25.143174294464316,25.214557410796452,104782000,0.007698628502211369,25.486739540100096,25.872895622253417,1
2016-12-07,25.566875457763672,25.603719497634987,25.136271721895906,25.159298368405217,119994800,0.009822874266320447,25.46900882720947,25.866069030761718,1
2016-12-08,25.81787109375,25.889254226207107,25.467859736213335,25.52773042362734,108273200,0.009817219800713373,25.489503479003908,25.860321769714357,1
2016-12-09,26.2392635345459,26.41196601965301,25.86162090765732,25.86162090765732,137610400,0.016321734633569784,25.539241790771484,25.871112327575684,0
2016-12-12,26.08958625793457,26.481044473510515,25.903066402222468,26.08728306650545,105497600,-0.005704324605538824,25.57907829284668,25.874923095703124,1
2016-12-13,26.524795532226562,26.692891608292033,26.193206249175397,26.213929700955966,174935200,0.016681340592729077,25.66496868133545,25.889866485595704,0
2016-12-14,26.524795532226562,26.75736691181415,26.476439054584976,26.490254689105356,136127200,0.0,25.77250442504883,25.902610664367675,1
2016-12-15,26.669862747192383,26.87940922303289,26.534004334186427,26.568543417614983,186098000,0.0054691171809249095,25.91826477050781,25.918026962280273,1
2016-12-16,26.704404830932617,26.82644761625008,26.63071852148697,26.819539799242705,177404400,0.0012951729098744647,26.05803852081299,25.930285301208496,1
2016-12-19,26.858688354492188,27.02908763527047,26.653748227886037,26.66526242876879,111117600,0.005777455986619051,26.231432151794433,25.944850425720215,1
2016-12-20,26.930070877075195,27.05672005666432,26.867898761435306,26.881714396728537,85700000,0.002657706945360605,26.392621421813963,25.951725196838378,1
2016-12-21,26.955398559570312,27.033691252558103,26.89092325759226,26.895529640202245,95132800,0.0009404981743541541,26.53147373199463,25.95796115875244,0
2016-12-22,26.778091430664062,26.828751098360904,26.628415618874364,26.791907064828578,104343600,-0.006577796596641261,26.627495765686035,25.955885925292968,1
2016-12-23,26.831050872802734,26.831050872802734,26.616899772401222,26.616899772401222,56998000,0.0019777153377715795,26.686674499511717,25.95651927947998,1
2016-12-27,27.00145721435547,27.125803209159262,26.824148353371736,26.831056171390763,73187600,0.006351087117704601,26.77786159515381,25.957582511901855,0
2016-12-28,26.886314392089844,27.176453205238985,26.757362051648062,27.061318253628073,83623600,-0.004264318823667401,26.814013481140137,25.956709327697755,0
2016-12-29,26.879419326782227,26.96692129905935,26.80342980103535,26.814942247565597,60158000,-0.00025645260287687766,26.849475860595703,25.9560648727417,0
2016-12-30,26.669862747192383,26.98763461247589,26.58005761663791,26.860987207324253,122345200,-0.007796172121212641,26.849475860595703,25.95283290863037,1
2017-01-03,26.745853424072266,26.78730208283485,26.425778353502388,26.665259297817293,115127600,0.0028493088847216796,26.853620719909667,25.951395721435546,0
2017-01-04,26.715919494628906,26.82875303786345,26.653747379573833,26.67677402378607,84472400,-0.0011191988892161886,26.83934383392334,25.951467437744142,1
2017-01-05,26.85177993774414,26.90934742723303,26.667563268651545,26.692893104572285,88774400,0.005085374027367751,26.831514739990233,25.949445571899414,1
2017-01-06,27.151134490966797,27.20870198661537,26.81954515384844,26.8909282862701,127007600,0.011148406322288862,26.851088333129884,25.95066158294678,1
2017-01-09,27.399826049804688,27.50114540918331,27.158043610588383,27.160345045613802,134247600,0.009159527345740548,26.913261795043944,25.969039268493653,1
2017-01-10,27.427457809448242,27.489629931843083,27.240939685443166,27.349165101699334,97848400,0.0010084647834380789,26.972902488708495,25.9930553817749,1
2017-01-11,27.574827194213867,27.616275856511386,27.31001639380307,27.342254047054436,110354400,0.0053730603029078505,27.030239486694335,26.023501167297365,0
2017-01-12,27.459693908691406,27.471208109913796,27.22021292919338,27.379099770596024,108344800,-0.00417530397240784,27.087577438354494,26.052469062805176,0
2017-01-13,27.411331176757812,27.544888150480016,27.358368322757613,27.427450000702212,104447600,-0.0017612261846183808,27.140768623352052,26.089862518310547,1
2017-01-17,27.632394790649414,27.687659088321013,27.2225145490127,27.25014581943833,137759200,0.00806467998456939,27.237021827697752,26.131218948364257,0
2017-01-18,27.630090713500977,27.747528879506493,27.565615408814118,27.632393904902735,94852000,-8.338318722989069e-05,27.325445556640624,26.178009872436522,0
2017-01-19,27.581735610961914,27.65311873659486,27.48732584062354,27.49423365835313,102389200,-0.001750088446703324,27.412027168273926,26.228392944335937,1
2017-01-20,27.632394790649414,27.736015568386208,27.570222675371404,27.736015568386208,130391600,0.0018366929624025197,27.490088653564452,26.272558708190918,1
2017-01-23,27.65081214904785,27.818908205210384,27.579427279897413,27.63239013398838,88200800,0.000666513291300852,27.540056419372558,26.314099311828613,0
2017-01-24,27.625490188598633,27.655424653984163,27.517263015313226,27.528777217211033,92844000,-0.0009157763725970991,27.562622833251954,26.355962448120117,1
2017-01-25,28.065303802490234,28.11596347786842,27.69687219540411,27.729109851222866,129510400,0.015920572300762936,27.626407432556153,26.420852661132812,1
2017-01-26,28.079120635986328,28.194255620707516,28.000827932829285,28.016946760417436,105350400,0.0004923101347247272,27.6768367767334,26.483071632385254,1
2017-01-27,28.081424713134766,28.173533060942884,28.000830567610393,28.12517657362826,82251600,8.205659921856068e-05,27.739009857177734,26.557863235473633,0
2017-01-30,28.007734298706055,28.007734298706055,27.784373915656673,27.846546031181685,121510000,-0.0026241693639654784,27.798650169372557,26.624733505249022,0
2017-01-31,27.943262100219727,27.952473110362984,27.775165996361807,27.897208806323995,196804000,-0.0023019426633630324,27.82973690032959,26.677050857543946,1
2017-02-01,29.647260665893555,30.047931706017216,29.246591382590463,29.2511960093045,447940000,0.06098066000892688,28.03145389556885,26.763632507324218,0
2017-02-02,29.59659767150879,29.794629977612935,29.423895201544966,29.469950247627544,134841600,-0.0017088592081307974,28.232940101623534,26.848694229125975,1
2017-02-03,29.723247528076172,29.748577364792464,29.51139958174031,29.545938671062146,98029200,0.004279203237245843,28.44202537536621,26.92859794616699,1
2017-02-06,30.001869201660156,30.050227435489187,29.68179412277796,29.73475873926701,107383600,0.009373863785267833,28.67713108062744,27.013751678466797,1
2017-02-07,30.287405014038086,30.416355618625722,30.03871305648745,30.059436507873222,152735200,0.009517267422862075,28.943322563171385,27.107241287231446,1
2017-02-08,30.404850006103516,30.446300434222355,30.21603042852631,30.24596665363206,92016400,0.003877684206058385,29.177277183532716,27.200500679016113,1
2017-02-09,30.62454605102539,30.63148381730507,30.32389657303463,30.446468482474295,113399600,0.007225690798598583,29.431819725036622,27.29916717529297,0
2017-02-10,30.555164337158203,30.744806022559064,30.538977392406924,30.633798235107353,80262000,-0.002265558932745826,29.679193687438964,27.396952629089355,1
2017-02-13,30.825748443603516,30.948323882365393,30.700865121238635,30.777184079468178,92141600,0.008855593229988079,29.96099510192871,27.50447883605957,1
2017-02-14,31.225847244262695,31.24203419045037,30.816501360062997,30.86738066900869,132904800,0.012979370197326201,30.289253616333006,27.624750595092774,1
2017-02-15,31.339160919189453,31.514927056822025,31.13333230712523,31.341475860289016,142492400,0.0036288422869799053,30.458443641662598,27.745400466918944,0
2017-02-16,31.30217170715332,31.429366472990118,31.184222593477557,31.37617574206519,90338400,-0.0011802872492825411,30.62900104522705,27.86894886016846,1
2017-02-17,31.387737274169922,31.413176931012384,31.24435204226218,31.24435204226218,88792800,0.002733534523326586,30.795450019836426,27.99034004211426,1
2017-02-21,31.614381790161133,31.625945913088973,31.447868300849873,31.505685386614203,98028800,0.007220798173869225,30.956701278686523,28.111290168762206,1
2017-02-22,31.70919418334961,31.7115055957675,31.477925902099557,31.551929917085136,83347600,0.002999027272390986,31.098880195617674,28.2291166305542,0
2017-02-23,31.575054168701172,31.794758302364407,31.52186345881656,31.7716335944845,83152800,-0.004230319252921055,31.21590061187744,28.335832443237305,1
2017-02-24,31.605131149291992,31.605131149291992,31.28597972137464,31.43167990001077,87106400,0.0009525551541456068,31.3139591217041,28.446143341064452,1
2017-02-27,31.667560577392578,31.785509646346615,31.517237622650356,31.716128463821924,81029600,0.001975294068728539,31.42519874572754,28.548998641967774,1
2017-02-28,31.68144989013672,31.785519933167418,31.614380098069937,31.702263192967923,93931600,0.000438597495067361,31.51076889038086,28.652131729125976,1
2017-03-01,32.32900619506836,32.412262955360646,31.82253139290543,31.889597672282996,145658400,0.020439604474454365,31.621084785461427,28.765314598083496,0
2017-03-02,32.13703155517578,32.442303753000616,32.09077509073836,32.37754893743556,104844000,-0.00593815469409209,31.700871849060057,28.87396713256836,1
2017-03-03,32.326690673828125,32.33825479745839,32.05148076425316,32.095422316723116,84432400,0.0059015755181595075,31.80332374572754,28.98332717895508,0
2017-03-06,32.22491455078125,32.32436172540356,32.0537783178412,32.23185231542081,87000000,-0.0031483619549487196,31.88704147338867,29.0892240524292,1
2017-03-07,32.26654052734375,32.37292192408257,32.09771219911518,32.16015560173222,69785200,0.0012917327211807716,31.952257347106933,29.19544689178467,0
2017-03-08,32.146297454833984,32.331312822219466,32.10467084983143,32.1347333327084,74828800,-0.0037265560715400436,31.995967674255372,29.302811012268066,0
2017-03-09,32.07229232788086,32.097731986936,31.69532732590461,32.086171392808566,88623600,-0.0023021353254477628,32.04569149017334,29.40763584136963,1
2017-03-10,32.17866897583008,32.229548280748425,32.0630348335382,32.204108628289255,78451200,0.003316777200136123,32.103045272827146,29.51118007659912,1
2017-03-13,32.192543029785156,32.245733744711835,32.10466348531365,32.111601251222616,69686800,0.00043115686250105867,32.15554351806641,29.617304649353027,0
2017-03-14,32.143985748291016,32.29662016078054,32.109293382231215,32.215678364390186,61236400,-0.0015083394141685025,32.20179710388184,29.722595977783204,1
2017-03-15,32.48394775390625,32.551014009818594,32.15323224191797,32.24111532727662,102767200,0.010576224376073418,32.217291259765624,29.83887767791748,1
2017-03-16,32.53712463378906,32.61344356562558,32.43767746968471,32.54406239769485,76928000,0.0016370202379856202,32.257300567626956,29.954703102111818,0
2017-03-17,32.37525939941406,32.60883917559597,32.352131151569246,32.60883917559597,175540000,-0.0049747860696610635,32.26215744018555,30.06788990020752,1
2017-03-20,32.715213775634766,32.72446295450743,32.43075123884514,32.47006642458355,86168000,0.010500437140184227,32.3111873626709,30.185158576965332,0
2017-03-21,32.34056091308594,33.02511669068808,32.31512125681653,32.86554098580492,158119600,-0.011451946030927584,32.31858940124512,30.288947105407715,1
2017-03-22,32.705970764160156,32.74760090361427,32.322064442958755,32.34288127712336,103440800,0.011298809938895094,32.37455673217774,30.395069999694826,0
2017-03-23,32.590335845947266,32.74297380569172,32.51864322121503,32.66896623895198,81385200,-0.0035355904598192156,32.426361083984375,30.498327560424805,0
2017-03-24,32.525577545166016,32.77997411780058,32.4585112826758,32.72446844862359,89582400,-0.0019870399951494866,32.46105194091797,30.597342567443846,1
2017-03-27,32.58108139038086,32.65971177065704,32.058412739296315,32.23649033017133,94300400,0.001706467629599251,32.49990577697754,30.699770317077636,1
2017-03-28,33.256385803222656,33.31188794268025,32.5209506955383,32.58802048588234,133499200,0.020726887629984203,32.6111457824707,30.816671409606933,1
2017-03-29,33.33038330078125,33.41595496380093,33.11530549478005,33.228624693216595,116760000,0.0022250613159360277,32.6957893371582,30.93063117980957,0
2017-03-30,33.28644943237305,33.41827407587476,33.18700574316975,33.346581457356166,84829200,-0.0013181327082779637,32.7707218170166,31.043758354187013,0
2017-03-31,33.22400665283203,33.36508046474853,33.073680132236916,33.237882186975554,78646800,-0.0018759219023307683,32.8555965423584,31.156603775024415,1
2017-04-03,33.2332649230957,33.330397217543855,33.082941890256386,33.23557986533578,79942800,0.00027866206386284453,32.907401657104494,31.26862117767334,1
2017-04-04,33.480716705322266,33.50846777533685,33.11068597037959,33.129187860014184,79565600,0.0074459064674863296,33.021417236328126,31.385219268798828,0
2017-04-05,33.30726623535156,33.64029319877768,33.25869833282079,33.35351919607748,110871600,-0.005180608034687895,33.081546783447266,31.498854789733887,0
2017-04-06,33.22400665283203,33.42289754292948,33.1754387544553,33.36970329021344,84596000,-0.0024997423064148094,33.144913864135745,31.602028846740723,0
2017-04-07,33.15000534057617,33.34426991291158,33.13381839065242,33.24019985836583,66688800,-0.002227344613463411,33.20735664367676,31.70344654083252,0
2017-04-10,33.110679626464844,33.274881659964585,33.04823620202139,33.210126823087656,75733600,-0.001186295860507558,33.26031646728516,31.804031639099122,0
2017-04-11,32.7545280456543,33.15230977466501,32.39143514753885,33.05748893171937,121517600,-0.010756395967356669,33.21013069152832,31.898967514038088,1
2017-04-12,32.79384994506836,32.87479174335535,32.61114598794621,32.74759698477941,81400000,0.001200502701771633,33.15647735595703,31.99597927093506,0
2017-04-13,32.62039566040039,32.92798293455409,32.62039566040039,32.81928654711352,71291600,-0.0052892321261003294,33.08987197875977,32.05544197082519,1
2017-04-17,32.80078887939453,32.81235300209678,32.5787697216858,32.71984354935364,66328400,0.005530074523686146,33.047550201416016,32.11952579498291,0
2017-04-18,32.65508270263672,32.849347224425514,32.63426940291809,32.70365059752099,58790000,-0.004442154647364194,32.98973197937012,32.17816249847412,0
2017-04-19,32.53482437133789,32.840100236409285,32.4816336477722,32.81234916826621,69313600,-0.003682683409315546,32.89514274597168,32.22882160186768,1
2017-04-20,32.941856384277344,33.05286417738773,32.6458332500669,32.659708783096434,93278400,0.012510656528947894,32.85860176086426,32.28191062927246,0
2017-04-21,32.90254592895508,32.997363261249184,32.8054136549071,32.941861121150126,69283600,-0.0011933284774147124,32.826455688476564,32.331864547729495,1
2017-04-24,33.21937561035156,33.2910682125583,33.11299064880763,33.186998192294524,68537200,0.00962933634620855,32.8333927154541,32.383761138916014,1
2017-04-25,33.42521667480469,33.510784841033605,33.27257870622726,33.281831417042675,75486000,0.006196415816707379,32.86484642028809,32.441162185668944,0
2017-04-26,33.22863006591797,33.44140002279601,33.15925239397346,33.41133401237041,80164800,-0.005881386224039109,32.91225662231445,32.48921981811523,1
2017-04-27,33.254066467285156,33.33963813576577,33.14305867416402,33.284132474768136,56985200,0.0007654965406858061,32.958278274536134,32.529784202575684,0
2017-04-28,33.22168731689453,33.37201381760551,33.13380776931816,33.323445925653,83441600,-0.0009736899522492237,33.01840744018555,32.56743473052978,1
2017-05-01,33.899314880371094,34.042700126921005,33.52466128577298,33.55703871334473,134411600,0.02039714470288101,33.1282600402832,32.61937759399414,1
2017-05-02,34.11438751220703,34.24852355694448,33.95943816627095,34.12132527927324,181408800,0.006344453644414827,33.274190521240236,32.67391059875488,0
2017-05-03,34.01032638549805,34.109773620952154,33.36508917721564,33.670361594710705,182788000,-0.0030503589335071357,33.42174072265625,32.72182949066162,0
2017-05-04,33.88774108886719,34.02881488208259,33.721227643469526,33.88542967644114,93487600,-0.003604355196165643,33.51632919311523,32.765400428771976,1
2017-05-05,34.449729919433594,34.45435274496605,33.94093680090705,33.94093680090705,109310800,0.016583838654003147,33.671047592163085,32.822893943786625,1
2017-05-08,35.3863639831543,35.54593968681708,34.465917067774505,34.465917067774505,195009600,0.027188429805144354,33.88774642944336,32.898518600463866,1
2017-05-09,35.61301040649414,35.81883907325609,35.488123535633214,35.58525580803918,156521600,0.00640490849661024,34.1065258026123,32.977427597045896,0
2017-05-10,35.444183349609375,35.60144765064016,35.178226178926415,35.529755032223434,103222800,-0.004740600554621444,34.328081130981445,33.05268226623535,1
2017-05-11,35.750709533691406,35.778578687167325,35.36986417495805,35.402375234480175,109020400,0.00864813786393559,34.57774543762207,33.12111633300781,1
2017-05-12,36.24999237060547,36.32430184835647,35.917911815248516,35.92487821805518,130108000,0.013965676301991747,34.88057594299316,33.203375549316405,0
2017-05-15,36.15711212158203,36.37772321243627,36.00616862348201,36.229100668166375,104038800,-0.0025622143054229163,35.10635566711426,33.27998397827148,0
2017-05-16,36.10368728637695,36.24069791939979,35.92952014640026,36.212832310904176,80194000,-0.0014775747306762232,35.30528564453125,33.3575594329834,0
2017-05-17,34.8914909362793,35.89469557120535,34.76609212863367,35.66943907336613,203070800,-0.03357541683990417,35.393402099609375,33.41005844116211,1
2017-05-18,35.42327880859375,35.60905783309512,35.09584721998728,35.128358283517,134272800,0.015241190847522956,35.54695587158203,33.4755980682373,1
2017-05-19,35.54404067993164,35.757685347800766,35.44418652206005,35.61835371750733,107843200,0.003409110488908018,35.65638694763184,33.54503303527832,1
2017-05-22,35.760005950927734,35.897016612667926,35.509204791580785,35.76232690430899,91865600,0.006075990992156166,35.69375114440918,33.616659774780274,0
2017-05-23,35.71588134765625,35.971324401714845,35.60209085541772,35.971324401714845,79675600,-0.0012339092821190834,35.70403823852539,33.687126541137694,0
2017-05-24,35.609073638916016,35.801819152339235,35.453484655573796,35.72518513783783,76712000,-0.002990482236755576,35.720527267456056,33.7564282989502,1
2017-05-25,35.73212814331055,35.8435976605521,35.53706180329695,35.69961708664162,76942400,0.0034557064202886956,35.71866912841797,33.821391906738285,0
2017-05-26,35.671756744384766,35.81805829270953,35.60208917168536,35.762323525862016,87710400,-0.001689555088452921,35.660845565795896,33.8840845489502,1
2017-05-30,35.685691833496094,35.862179957978796,35.606736899657,35.62763610977203,80507600,0.0003906476827364447,35.6137035369873,33.95029319763184,0
2017-05-31,35.474369049072266,35.801804189612106,35.38612675631136,35.75536031814212,97804800,-0.005921779109953285,35.550771713256836,34.005476303100586,1
2017-06-01,35.571895599365234,35.6067311540426,35.34896364056432,35.56957464642925,65616400,0.0027492116958600654,35.61881217956543,34.07010299682617,1
2017-06-02,36.09904098510742,36.09904098510742,35.50455106163563,35.66478539358253,111082800,0.014819153628450321,35.686388397216795,34.137964401245114,0
2017-06-05,35.74606704711914,35.86682393968477,35.636925550951005,35.841279280554346,101326800,-0.009777931168140963,35.706591033935545,34.201079025268555,1
2017-06-06,35.8668212890625,36.1826445315896,35.71123239256279,35.739098002849374,106499600,0.003378112668568134,35.71727256774902,34.267903900146486,1
2017-06-07,36.08047866821289,36.222134809688505,35.87380038410332,35.99920276164095,84278400,0.005956964444338464,35.75373229980469,34.337891845703126,0
2017-06-08,35.99222946166992,36.119949225164746,35.855215254172016,36.05260614156639,85003200,-0.0024458989958111577,35.79204788208008,34.39260871887207,0
2017-06-09,34.59656524658203,36.03867095620318,33.909187474788965,36.03867095620318,259530800,-0.03877682032934937,35.67849159240723,34.41793235778809,0
2017-06-12,33.76984786987305,33.92543676083212,33.094078496969885,33.84416088591062,289229200,-0.023895937958484437,35.48830070495605,34.427600326538084,1
2017-06-13,34.04155349731445,34.241265329747584,33.707151959897104,34.173922248975565,136661600,0.008045805491584845,35.32388687133789,34.443951263427735,0
2017-06-14,33.70948028564453,34.25288107395131,33.4029443270465,34.25288107395131,126124800,-0.009754937056445367,35.14739799499512,34.45347557067871,0
2017-06-15,33.5074348449707,33.55155775523504,33.02441441533913,33.28218193117425,128661600,-0.005993727549690853,34.940951919555665,34.45400993347168,0
2017-06-16,33.03834533691406,33.55620129202588,33.02208803682132,33.38900055920638,201444400,-0.013999564879465853,34.63488235473633,34.44863151550293,1
2017-06-19,33.983497619628906,34.076388903736074,33.36114196159167,33.36114196159167,130165600,0.028607736648930127,34.458625411987306,34.46382133483887,0
2017-06-20,33.67464828491211,34.10658310827601,33.65839452120365,34.10658310827601,99600400,-0.009088215055839455,34.23940811157227,34.47431419372558,1
2017-06-21,33.87433624267578,33.92078363405447,33.58173681155771,33.793060394639994,85063200,0.005929919626009639,34.01879386901855,34.48958732604981,0
2017-06-22,33.81862258911133,34.06709925340334,33.70018664045973,33.851133653881504,76425200,-0.0016447157271309853,33.8014331817627,34.51086921691895,1
2017-06-23,33.969566345214844,34.17392363602884,33.6978659708955,33.702511421170456,141757600,0.004463332464407221,33.73873329162598,34.53438354492187,0
2017-06-26,33.86275100708008,34.434017458450086,33.76057234593985,34.17624985182483,102769600,-0.0031444422059809796,33.74802360534668,34.55923065185547,0
2017-06-27,33.37739181518555,33.94169522684023,33.35184715797583,33.67463680265872,99047600,-0.014333129396163158,33.68160743713379,34.57076271057129,1
2017-06-28,33.86505889892578,33.9300810139464,33.2450243099109,33.5538811279786,88329600,0.014610700753387329,33.69716529846191,34.59496223449707,0
2017-06-29,33.365787506103516,33.70251357547515,33.04067683488191,33.60498037410866,125997600,-0.014742965435624922,33.683000564575195,34.61158149719238,1
2017-06-30,33.44474411010742,33.663034209976,33.389009336702564,33.544598259420724,92096400,0.0023663941391900423,33.72364044189453,34.621639251708984,0
2017-07-03,33.3239860534668,33.741987980943975,33.23109831111197,33.64445478843934,57111200,-0.003610673660502939,33.65768928527832,34.63006805419922,1
2017-07-05,33.46099090576172,33.62354619838777,33.14284672280504,33.368103179529584,86278400,0.004111298452565082,33.63632354736328,34.63490036010742,0
2017-07-06,33.14516830444336,33.323980901443484,33.07085883073609,33.21251491916274,96515200,-0.009438531040752207,33.563406753540036,34.6292993927002,1
2017-07-07,33.481895446777344,33.614264198357915,33.184650423351705,33.184650423351705,76806800,0.010159162241720976,33.52973403930664,34.634364700317384,1
2017-07-10,33.686256408691406,33.89293466698357,33.2937991046057,33.46564534206682,84362400,0.006103625830828907,33.5014030456543,34.64300849914551,1
2017-07-11,33.79539489746094,33.869707918712685,33.52834000714723,33.609615887771454,79127200,0.0032398521060170715,33.49466743469238,34.65448265075683,1
2017-07-12,33.84416198730469,33.946337072521985,33.63051737440347,33.874348550542635,99538000,0.0014430099127917817,33.541344451904294,34.653379592895504,1
2017-07-13,34.31557846069336,34.482779229905475,33.77449868580418,33.788431492665154,100797600,0.013929033715342154,33.58639640808106,34.65740341186523,1
2017-07-14,34.610496520996094,34.677843140609845,34.213397380007194,34.36201988166245,80528400,0.008594290801203996,33.71086730957031,34.6694068145752,1
2017-07-17,34.73125076293945,35.04242854839286,34.50135239677059,34.559408112419646,95174000,0.00348894855842663,33.839517974853514,34.68627700805664,1
2017-07-18,34.852012634277344,34.863624487757846,34.524577500704176,34.64765535202909,71475200,0.0034770377883064363,33.99232063293457,34.694322662353514,1
2017-07-19,35.0703010559082,35.16318879245551,34.821820868312145,34.94489871378533,83692000,0.006263294574160971,34.15325164794922,34.68800140380859,0
2017-07-20,34.91239929199219,35.23751356518598,34.877567265033406,35.181778778610735,68974800,-0.004502435370152491,34.3299747467041,34.67398918151856,0
2017-07-21,34.89612579345703,34.935603249499536,34.573336200225555,34.831103684276535,105010400,-0.00046612375159471586,34.47139778137207,34.66302803039551,1
2017-07-24,35.318782806396484,35.400062245206634,34.81021404818792,34.96812747527722,85972800,0.012111860652986861,34.63465042114258,34.65438949584961,1
2017-07-25,35.4697265625,35.72516962312926,35.25143647237522,35.25143647237522,75415600,0.0042737530602605656,34.802083587646486,34.6387841796875,1
2017-07-26,35.636924743652344,35.74606623734805,35.54403346553693,35.6113800851006,63124000,0.004713827744280197,34.98135986328125,34.62838043212891,0
2017-07-27,34.9634895324707,35.76001615615087,34.20644393162103,35.704281368132484,129905200,-0.018897119098403525,35.04615097045898,34.60557647705078,0
2017-07-28,34.71731948852539,34.88684119353029,34.64533096489755,34.80788626719265,68854800,-0.007040774454640575,35.056833267211914,34.6020930480957,0
2017-07-31,34.53851318359375,34.91007126526908,34.39918156054586,34.81021356914964,79383600,-0.005150348804743965,35.037559509277344,34.5843977355957,1
2017-08-01,34.84503936767578,34.884516826981724,34.464194035233156,34.62442836875929,141474400,0.008874909653830532,35.036862182617185,34.570417709350586,1
2017-08-02,36.49149703979492,37.097598795658755,36.26391964810976,36.98845377707275,279747200,0.0472508483846481,35.17898178100586,34.58504753112793,0
2017-08-03,36.12691879272461,36.50776421266773,35.99919548713142,36.47060769768784,108389200,-0.009990772553746696,35.3004337310791,34.5932682800293,1
2017-08-04,36.317344665527344,36.551888554255555,36.154789319703795,36.2430351689112,82239600,0.00527102446503358,35.442555618286136,34.60743370056152,1
2017-08-07,36.87930679321289,36.90485144606196,36.38235008241756,36.47291684371169,87481200,0.015473656812221792,35.59860801696777,34.63037727355957,1
2017-08-08,37.17423629760742,37.58062630745681,36.75391348294212,36.83054745286933,144823600,0.007997154231998982,35.76905899047851,34.66042686462402,1
2017-08-09,37.40180587768555,37.4505742277671,36.94897209880944,36.98380410355417,104526000,0.006121701553093439,35.945547103881836,34.694749145507814,0
2017-08-10,36.21051025390625,37.30157975418536,36.04964662203939,37.27826484389665,163217200,-0.03185128620995381,36.07024917602539,34.70947196960449,1
2017-08-11,36.71408462524414,36.968204380696974,36.385367105784226,36.508928323477214,105028400,0.013906856539906531,36.26992568969727,34.73231575012207,1
2017-08-14,37.2666015625,37.350530238108185,37.010151843320834,37.143040395265025,88490800,0.015049181884708052,36.54273452758789,34.755666961669924,1
2017-08-15,37.674591064453125,37.81446983217427,37.33421263735661,37.45544374859917,117862000,0.010947859070778998,36.825689697265624,34.7942374420166,0
2017-08-16,37.52304458618164,37.88673429761588,37.33653603849995,37.75384931414014,110686400,-0.004022511565214382,36.9288444519043,34.82736190795899,0
2017-08-17,36.80267333984375,37.46710918957584,36.79800964605219,37.42281299194622,111762400,-0.019198102240434278,36.99641990661621,34.8418058013916,0
2017-08-18,36.71871566772461,37.18498507302905,36.53687088424414,36.80264430297354,109712400,-0.0022812927567478214,37.036557006835935,34.8563355255127,0
2017-08-21,36.65113830566406,36.809668326289646,36.161553604591084,36.71874585978823,105474000,-0.001840406474781675,37.013740158081056,34.897426986694335,1
2017-08-22,37.250274658203125,37.30156459410838,36.83995872831552,36.88891503972682,86418400,0.01634700531105948,37.02134399414062,34.96703552246094,1
2017-08-23,37.29689407348633,37.41113137478675,37.04044799826926,37.08474416729092,77596400,0.0012515186991497451,37.0108528137207,35.032142333984375,0
2017-08-24,37.13137435913086,37.47408274219169,36.96351704671926,37.40180797814586,79275600,-0.004437895392290447,37.102939224243165,35.1005802154541,1
2017-08-25,37.26892852783203,37.43212217310998,37.131379852337375,37.219968655571314,101920400,0.0037045267263948745,37.158423614501956,35.17581008911133,1
2017-08-28,37.644283294677734,37.76784447658678,37.285253645188696,37.33421352733916,103864000,0.010071520209264717,37.19619178771973,35.2679288482666,1
2017-08-29,37.9799919128418,38.028948229742845,37.30156877694594,37.32488368037345,118067600,0.008917917643328499,37.226731872558595,35.34785873413086,1
2017-08-30,38.08258056640625,38.20847182478453,37.9100594904343,38.18749054128076,109078400,0.002701123628458868,37.28268547058106,35.43601737976074,1
2017-08-31,38.23411178588867,38.355342892488736,38.1128806792886,38.15018310552788,107140400,0.003979016579987116,37.425829315185545,35.523212890625,1
2017-09-01,38.24576187133789,38.453251685961,38.14784568933811,38.42061295862774,66364400,0.000304703964733255,37.57853393554687,35.61175567626953,0
2017-09-05,37.78649139404297,38.292393517744884,37.432125477758476,38.175826109776104,117874000,-0.012008401841750449,37.69206924438477,35.68809417724609,0
2017-09-06,37.74687194824219,37.99865806335935,37.42281458438288,37.93338057692411,86606800,-0.0010485081927195106,37.741728973388675,35.76577659606934,0
2017-09-07,37.59531784057617,37.823792513609234,37.38549793641219,37.788820158012,87714000,-0.004015011041810901,37.77157135009766,35.85013511657715,0
2017-09-08,36.982177734375,37.56967492105878,36.958862829370304,37.502067388313236,114446000,-0.016308948598365514,37.75665168762207,35.91247749328613,1
2017-09-11,37.651275634765625,37.779500504745165,37.27592841029202,37.41814080111383,126323200,0.01809244185662706,37.79488639831543,35.99818725585938,0
2017-09-12,37.502071380615234,38.22479082443765,37.014820407399995,37.9100573601444,286856000,-0.003962794132069791,37.78066520690918,36.079333801269534,0
2017-09-13,37.219970703125,37.29224548183914,36.8143184135975,37.27126064551317,179629600,-0.007522269226868716,37.7046630859375,36.1572534942627,0
2017-09-14,36.90058135986328,37.16169123643117,36.85628517208367,37.06610865777309,95042800,-0.008581128282159067,37.586463165283206,36.226045303344726,1
2017-09-15,37.27360153198242,37.5277176686415,36.83530686885993,36.94488053464055,196458400,0.01010878848984409,37.49041213989258,36.30861396789551,0
2017-09-18,36.99150848388672,37.418145712349464,36.83530855172097,37.32722325758565,113077600,-0.007568172553802044,37.36498680114746,36.37880622863769,1
2017-09-19,37.00550079345703,37.247963075761696,36.93789323931518,37.18734572650744,83242400,0.00037825733915153315,37.28688774108887,36.44519111633301,0
2017-09-20,36.38535690307617,36.895919224555115,35.86313357054111,36.81199053820761,211805600,-0.016758154249611135,37.150736236572264,36.49699035644531,0
2017-09-21,35.76055145263672,36.322407247035535,35.611345303642345,36.322407247035535,150046800,-0.017171892860741167,36.96725959777832,36.53531814575195,0
2017-09-22,35.41084671020508,35.499439077763675,35.10077698110493,35.329248102469,186581600,-0.009779064590063946,36.81012649536133,36.55722351074219,0
2017-09-25,35.09845733642578,35.39686970198637,34.774399991448774,34.96790237116252,177549200,-0.008821855527370581,36.55484466552734,36.56698272705078,1
2017-09-26,35.70227813720703,35.88412307305742,35.36423324658035,35.38521453363472,146640000,0.017203627925680864,36.37486534118652,36.58640327453613,1
2017-09-27,35.95637512207031,36.07061244173676,35.79551155917314,35.856128876991974,102016800,0.0071171084345589275,36.24850578308106,36.608490524291994,0
2017-09-28,35.73490905761719,35.968043904578344,35.599690419497065,35.87712145655771,88022000,-0.006159298975529581,36.13193855285645,36.62178268432617,1
2017-09-29,35.93074417114258,35.933077796494764,35.43649939685604,35.71859414808069,105199200,0.005480218606674914,35.99765281677246,36.64214958190918,0
2017-10-02,35.858463287353516,36.007669418176675,35.604347207215675,35.9633732366682,74795200,-0.0020116723284321347,35.88434829711914,36.66139633178711,1
2017-10-03,36.01465606689453,36.15686841017524,35.88177110596072,35.90508244711985,64921200,0.004355813529691943,35.78526382446289,36.675313796997074,0
2017-10-04,35.78152847290039,35.87012083615752,35.54373353577037,35.81650082766994,80655200,-0.0064731312041720335,35.72488098144531,36.681549835205075,1
2017-10-05,36.2268180847168,36.23847553672031,35.914418292210044,35.944723398593304,85135200,0.01244467832484153,35.77150764465332,36.693347702026365,0
2017-10-06,36.20583724975586,36.25013343349978,36.03331620710981,36.12890233441458,69630400,-0.0005791520224567304,35.8510066986084,36.71819465637207,1
2017-10-09,36.33173370361328,36.539223575154196,36.25013864157454,36.324739942791545,65051600,0.0034772418875155253,35.97433433532715,36.75048294067383,1
2017-10-10,36.3457145690918,36.83529908108613,36.1592095715271,36.38301699154666,62468000,0.0003848114046129947,36.03867797851562,36.786626968383786,1
2017-10-11,36.49725341796875,36.59749967379712,36.31074486769104,36.36203480795128,67622400,0.004169373216996064,36.09276580810547,36.81967124938965,0
2017-10-12,36.3690299987793,36.68842354695349,36.30608260464513,36.45062860441081,64500400,-0.003513234755531669,36.15617790222168,36.81722190856934,1
2017-10-13,36.59984588623047,36.66745343581403,36.46462722970741,36.5392285410632,65576800,0.006346495561166066,36.223088073730466,36.826680450439454,1
2017-10-16,37.27360153198242,37.30157657606069,36.753708247157576,36.81199196055767,96486000,0.018408701715474596,36.36460189819336,36.84580558776855,1
2017-10-17,37.41114807128906,37.50440058437659,37.12205958894918,37.25028446246104,75989200,0.0036901864497482784,36.504251098632814,36.85644241333008,0
2017-10-18,37.2456169128418,37.46709783386233,37.208318045882265,37.399486745122914,65496800,-0.004424647918632063,36.65065994262695,36.85787002563477,0
2017-10-19,36.3643684387207,36.62081816515201,36.1405610023398,36.54388324722262,170336800,-0.023660461207644867,36.664414978027345,36.83712127685547,1
2017-10-20,36.42731857299805,36.77702083129883,36.359711034962906,36.511247257284445,95896400,0.0017310938421335464,36.686563110351564,36.8414574432373,0
2017-10-23,36.40866470336914,36.763030628659415,36.25246479960394,36.576522059698476,87937200,-0.0005120846210935337,36.69425621032715,36.835349044799806,1
2017-10-24,36.6254768371582,36.70007811994076,36.41565339228846,36.43663466956906,71028800,0.00595495977552285,36.72223243713379,36.82252655029297,0
2017-10-25,36.46461486816406,36.730388397479196,36.19884133884892,36.581182267992716,84828400,-0.004392078489772411,36.71896858215332,36.79832702636719,1
2017-10-26,36.697757720947266,36.795673931407954,36.55088162657848,36.65579159797525,68002000,0.006393673802016497,36.751841354370114,36.7818212890625,1
2017-10-27,38.01264190673828,38.140866798874264,36.998503782174275,37.13605250403111,177816800,0.03583009609986254,36.8931209564209,36.80602066040039,1
2017-10-30,38.868247985839844,39.18298150089291,38.16884333670504,38.20847583993996,178803200,0.022508461295606352,37.05258560180664,36.8490113067627,1
2017-10-31,39.40909957885742,39.5513119294922,38.91951870094983,39.14332608589209,144187200,0.013914998000800427,37.252380752563475,36.904170532226566,0
2017-11-01,38.90788269042969,39.61894483541886,38.60947030783689,39.60262368515141,134551200,-0.012718303482798454,37.41860733032227,36.93732269287109,1
2017-11-02,39.19229507446289,39.28321751276203,38.53252310122351,38.84026277383908,165573600,0.007309891064906537,37.70139999389649,36.97523071289063,1
2017-11-03,40.215755462646484,40.62607145512483,39.894028280591726,40.5654576840608,237594400,0.026113816152870895,38.08024368286133,37.03691833496094,1
2017-11-06,40.62375259399414,40.79627368479755,40.03392163575447,40.18545788389442,140105200,0.01014520619229975,38.50175247192383,37.10401481628418,1
2017-11-07,40.75429916381836,40.85687905844864,40.47220801094028,40.544479239242015,97446000,0.0032135526997947306,38.914634704589844,37.166215133666995,1
2017-11-08,41.087684631347656,41.087684631347656,40.64239624240402,40.71933116489338,97638000,0.00818037542957617,39.3769416809082,37.22836898803711,0
2017-11-09,41.00375747680664,41.05504742704472,40.36496672397675,40.82424265097337,117930400,-0.002042635288263095,39.80754165649414,37.286792526245115,0
2017-11-10,40.86804962158203,41.0341719661069,40.77446188137926,40.97099827789114,100582000,-0.003309644373479026,40.093082427978516,37.33947128295898,0
2017-11-13,40.70427322387695,40.82827859819119,40.57090693255195,40.59430565493508,67928400,-0.004007443448404535,40.27668495178223,37.38864151000976,0
2017-11-14,40.088905334472656,40.589607066590496,40.05146882343864,40.486658446318046,99130000,-0.015118016873062023,40.34466552734375,37.43468978881836,0
2017-11-15,39.56013870239258,39.8502663861521,39.39635838500541,39.768374442386936,116632400,-0.013189849602238679,40.40989112854004,37.47095512390137,1
2017-11-16,40.032779693603516,40.21293632394386,39.84560058908698,40.05149439092515,94550000,0.011947404804785178,40.493939590454104,37.51970436096192,0
2017-11-17,39.81050491333008,40.10063272143448,39.691179967409035,40.01874074257152,87598000,-0.005552319423598573,40.45341453552246,37.57627090454102,0
2017-11-20,39.770721435546875,39.906426176309175,39.67245322399015,39.84325247954274,65049600,-0.0009993211055678852,40.36811141967773,37.618659820556644,1
2017-11-21,40.510066986083984,40.64109123634763,39.95789080987073,39.95789080987073,100525200,0.018590197106062245,40.3436882019043,37.678819732666014,1
2017-11-22,40.93589782714844,40.94525517175338,40.48900875672528,40.56153978037809,102355600,0.010511728879903703,40.32850952148438,37.75313827514648,1
2017-11-24,40.938232421875,41.0622377545537,40.863359391503096,40.968650036731404,56106800,5.703050013505795e-05,40.32195701599121,37.83389129638672,0
2017-11-27,40.73234558105469,40.963980061627794,40.55686588762935,40.95696115950226,82867200,-0.005029206896346117,40.308386611938474,37.90306617736817,0
2017-11-28,40.49369812011719,40.91484655268083,40.210589294086674,40.78148383440733,105715200,-0.005858917711051181,40.2873291015625,37.97310997009277,0
2017-11-29,39.653724670410156,40.45859198877118,39.110909418349486,40.39074142106722,166665600,-0.02074331287834963,40.24381103515625,38.026074447631835,1
2017-11-30,40.208248138427734,40.276098715053735,39.41039961629005,39.87600344692711,166108800,0.013984145817993454,40.30862197875977,38.10253227233887,0
2017-12-01,40.021080017089844,40.16614212613674,39.42444818804894,39.763708304124926,159037200,-0.004654968321263664,40.307452011108396,38.18774284362793,0
2017-12-04,39.728599548339844,40.38840127674619,39.688824583342225,40.355645213210316,130169600,-0.0073081603151415875,40.299261474609374,38.27409790039062,0
2017-12-05,39.691162109375,40.131032298237315,39.40103443180621,39.55545740068039,109400800,-0.000942329691719701,40.29130554199219,38.365951995849606,0
2017-12-06,39.54376983642578,39.822198238160624,38.94714162715871,39.19047194178457,114240000,-0.003713478394587133,40.194675827026366,38.44278182983398,1
2017-12-07,39.616302490234375,39.878351057626205,39.52037272176273,39.548448333942154,102693200,0.001834237203701905,40.06271629333496,38.515980377197266,1
2017-12-08,39.62799072265625,40.009367709349114,39.49930847795134,39.8900428102044,93420800,0.000295035924282816,39.931692123413086,38.593842010498044,1
2017-12-11,40.40010070800781,40.451575032247945,39.492284702474436,39.588214449480425,141095200,0.019483954933655845,39.8984676361084,38.68322914123535,0
2017-12-12,40.173152923583984,40.33459482276244,40.11700170310015,40.27844003213489,77636800,-0.005617505413268553,39.86641311645508,38.76952293395996,1
2017-12-13,40.306514739990234,40.60365776912856,40.243341053812145,40.36032751036392,95273600,0.0033196751238302458,39.931692123413086,38.85536010742187,0
2017-12-14,40.29482650756836,40.50774277412301,40.161460196601936,40.33693992988766,81906000,-0.0002899837035594821,39.94034996032715,38.94562606811523,1
2017-12-15,40.70427322387695,40.75106709849942,40.35097536481199,40.62472328000438,160677200,0.010161272594924498,40.00866928100586,39.03517517089844,1
2017-12-18,41.27750015258789,41.45999873588689,40.91250298598988,40.91718344380719,117684400,0.01408272113245057,40.16355934143066,39.13660842895508,0
2017-12-19,40.83763885498047,41.03651729897694,40.732351737041654,40.95228689059707,109745600,-0.010656200011662897,40.278207015991214,39.22672653198242,0
2017-12-20,40.793190002441406,41.043539231567685,40.535818299466435,40.9148533800802,93902400,-0.0010884285621141077,40.40314903259277,39.315676040649414,1
2017-12-21,40.947608947753906,41.18392393669364,40.73469625444658,40.75107250617287,83799600,0.0037854099006049413,40.53627967834473,39.404683151245116,0
2017-12-22,40.947608947753906,41.04353872405332,40.828284016110615,40.87039743781616,65397600,0.0,40.66824150085449,39.49625473022461,0
2017-12-26,39.90876388549805,40.11933809181154,39.70052455306013,39.962576659085975,132742000,-0.025370103137923095,40.61910781860352,39.562433090209964,1
2017-12-27,39.91577911376953,39.95789252309861,39.70754337064159,39.798792660997805,85992800,0.00017578164765041926,40.59337043762207,39.6152766418457,1
2017-12-28,40.0280876159668,40.20824776415976,39.88770243579035,40.00936935393371,65920800,0.0028136367294036013,40.565527725219724,39.66761543273926,0
2017-12-29,39.59523391723633,39.91343721247929,39.59289547342585,39.89706096551949,103999600,-0.01081374915742439,40.495568466186526,39.71460777282715,1
2018-01-02,40.30416488647461,40.31352580045824,39.6022462836929,39.81282400661299,102223600,0.01790445210451641,40.455557632446286,39.793403701782225,0
2018-01-03,40.29715347290039,40.83997234023749,40.2339833574163,40.367346060248224,118071600,-0.00017396250719914352,40.35752296447754,39.87080039978027,1
2018-01-04,40.48433303833008,40.587281691749936,40.262059483979016,40.369685025177354,89738400,0.004644982320043178,40.3221923828125,39.95231376647949,1
2018-01-05,40.945255279541016,41.03182410540059,40.48900886331186,40.58025814655769,94640000,0.011385200313774213,40.33739891052246,40.03870933532715,0
2018-01-08,40.793190002441406,41.0879946684583,40.69491821029147,40.793190002441406,82271200,-0.0037138680919542866,40.32195701599121,40.12528083801269,0
2018-01-09,40.788490295410156,40.959289488524796,40.57323568638315,40.83996461171473,86336000,-0.00011520812740972719,40.30604515075684,40.20709548950195,0
2018-01-10,40.779136657714844,40.78147867169188,40.477313176567634,40.51474969876762,95839600,-0.0002293205173216073,40.39308242797851,40.262425384521485,1
2018-01-11,41.010772705078125,41.059908588629746,40.82593567106534,40.849330820735744,74670800,0.005680258738863131,40.50258178710938,40.30527587890625,1
2018-01-12,41.43427658081055,41.49745028872458,41.09735489879511,41.221360299794604,101672400,0.010326649506898544,40.64320068359375,40.34577941894531,0
2018-01-16,41.22368240356445,41.97239490744549,41.211983045506045,41.62377403010491,118263600,-0.005082607797806338,40.80604553222656,40.39209541320801,1
2018-01-17,41.90456771850586,41.93966224211498,40.96165676932959,41.21434447960485,137547200,0.016516848453173028,40.966085815429686,40.44634086608887,1
2018-01-18,41.94198989868164,42.13852989077325,41.7056785034929,41.967727066089836,124773600,0.0008930334379575466,41.13056945800781,40.48086555480957,0
2018-01-19,41.75481033325195,42.01685887036376,41.50913804463785,41.78990484442101,129700400,-0.0044628203354646345,41.2576171875,40.503486709594725,0
2018-01-22,41.413211822509766,41.59571043645508,41.3196240713074,41.48340442098347,108434400,-0.008181057655772705,41.304412841796875,40.51666496276855,1
2018-01-23,41.42256164550781,41.98409876115503,41.37109089079645,41.48339688586861,130756400,0.00022576908639981852,41.367350006103514,40.52336250305176,0
2018-01-24,40.76276779174805,41.4834049089433,40.52411438218777,41.471705547369424,204420400,-0.015928369167659162,41.36477775573731,40.518542709350584,0
2018-01-25,40.03511047363281,40.93356571913233,39.899405738092184,40.83061705285022,166116000,-0.017851028218514142,41.2903751373291,40.5018839263916,1
2018-01-26,40.128700256347656,40.24334828963391,39.78944018537663,40.24334828963391,156572000,0.0023376926304845558,41.20216789245605,40.49037246704101,0
2018-01-29,39.298099517822266,39.81283931036235,39.08986372842516,39.81283931036235,202561600,-0.020698421160401326,40.98855018615723,40.474556350708006,0
2018-01-30,39.066471099853516,39.160058869410214,38.535351403750624,38.7295494172181,184192800,-0.005894137905160135,40.77282905578613,40.464682998657224,1
2018-01-31,39.174076080322266,39.41039096493843,38.95648302394709,39.043051843776865,129915600,0.002754407486504462,40.499779891967776,40.4475089263916,1
2018-02-01,39.25597381591797,39.452510199787405,39.0173204525661,39.113250200696385,188923200,0.002090610520788738,40.231178283691406,40.43641830444336,0
2018-02-02,37.55263900756836,39.026668542454594,37.45905130414214,38.83948956546011,346375200,-0.043390461190365937,39.810961151123045,40.39205665588379,0
2018-02-05,36.614418029785156,38.343477505754464,36.49977003097488,37.22508740195526,290954000,-0.02498415564333878,39.331081771850585,40.314143676757816,1
2018-02-06,38.14461898803711,38.30606093384665,36.03184302362693,36.226041047561246,272975200,0.04179230588909433,39.00328750610352,40.25831809997558,0
2018-02-07,37.32802963256836,38.23116504204853,37.21806566960294,38.158634024496976,206434400,-0.021407720856376877,38.659813690185544,40.18611404418945,0
2018-02-08,36.300899505615234,37.66964260600261,36.27282389580829,37.50352025097628,217562000,-0.027516323177609214,38.28639259338379,40.097485122680666,1
2018-02-09,36.74490737915039,37.09259809366148,35.29540922724705,36.89995995166039,282690400,0.012231318771218636,37.94801330566406,40.02250930786133,1
2018-02-12,38.224945068359375,38.50215699971971,37.003322717140904,37.235901563137254,243278000,0.040278716011916904,37.840697860717775,39.99393371582031,1
2018-02-13,38.607879638671875,38.70420051241455,37.975925806374015,38.0464045819101,130196800,0.010017923364642689,37.79483871459961,39.9619263458252,1
2018-02-14,39.319705963134766,39.359643097700136,38.264886694786455,38.30247226663081,162579600,0.018437332770533388,37.80940170288086,39.947898864746094,1
2018-02-15,40.63998794555664,40.663478474461876,39.70262873406566,39.88821932662031,204588800,0.03357812450733322,37.94780311584473,39.96612663269043,0
2018-02-16,40.5084342956543,41.06991289835843,40.35338530181675,40.49199128049389,160704400,-0.0032370494321646293,38.24338264465332,39.982472076416016,0
2018-02-20,40.372188568115234,40.938359663897515,40.27116813864954,40.41917323044115,135722000,-0.003363391597529075,38.61915969848633,39.99904045104981,0
2018-02-21,40.188941955566406,40.905466051719024,40.17484333201391,40.60241196228296,149886400,-0.004538931850069483,38.823591995239255,40.010493240356446,1
2018-02-22,40.52488327026367,40.86552649965354,40.33929262849657,40.360435185527116,123967600,0.00835904849320701,39.14327735900879,40.02843109130859,1
2018-02-23,41.22965621948242,41.264893808012744,40.76919808272674,40.79973971591884,135249600,0.017391116083384173,39.636153030395505,40.04502220153809,1
2018-02-26,42.044864654541016,42.14353351551222,41.39646774614467,41.42935736646841,152648800,0.01977238012169935,40.16614875793457,40.08245643615723,0
2018-02-27,41.90859603881836,42.39959224122291,41.85456387295106,42.075395661320265,155712400,-0.0032410287639714763,40.53451385498047,40.11449806213379,0
2018-02-28,41.84517288208008,42.43249005630509,41.82872986524554,42.112989370138706,151128400,-0.0015133686816789504,40.85824317932129,40.14550498962402,0
2018-03-01,41.11219024658203,42.23514007054136,40.56246239161252,41.94382954630269,195208000,-0.017516539782583718,41.03749160766601,40.153663330078125,1
2018-03-02,41.39646911621094,41.4176116761117,40.51314171022488,40.59536755610546,153816000,0.006914709917517525,41.11313972473145,40.15604270935059,1
2018-03-05,41.53977966308594,41.7559119990515,40.999447030821884,41.161547178971134,113605600,0.0034619026678988085,41.21627426147461,40.1700855255127,0
2018-03-06,41.50452423095703,41.87570906687499,41.37766531511881,41.79583480191392,95154000,-0.000848714952627394,41.32950782775879,40.18431221008301,0
2018-03-07,41.11924743652344,41.311889179650166,40.94070431594449,41.09810487975081,126814000,-0.009282766194106284,41.422538375854494,40.1877449798584,1
2018-03-08,41.567955017089844,41.61024012699742,41.128642980010106,41.22496025858815,95096400,0.010912349046734882,41.52684555053711,40.200151901245114,1
2018-03-09,42.28213882446289,42.286838365775004,41.673679066083274,41.80758910823076,128740800,0.017181114805369324,41.632093811035155,40.24761940002441,1
2018-03-12,42.6909065246582,42.848307080513344,42.336168279495034,42.35495927254413,128828400,0.009667621164869189,41.69669799804687,40.303121948242186,0
2018-03-13,42.279788970947266,43.10908053311904,42.108293360008226,42.895296221645985,126774000,-0.009630096598522098,41.73381729125977,40.3481559753418,0
2018-03-14,41.92034149169922,42.408989697640614,41.77233645097069,42.362005051524825,117473600,-0.008501638442307335,41.74133415222168,40.394658126831054,1
2018-03-15,41.969688415527344,42.343224903462456,41.833433970776106,41.93445081510891,90975200,0.0011771593949896353,41.82708396911621,40.42796859741211,0
2018-03-16,41.821678161621094,42.080095541605395,41.72770527232746,41.969679637122375,157618800,-0.0035265988262970227,41.869604873657224,40.458459091186526,0
2018-03-19,41.18267822265625,41.692469065666344,40.79739832548874,41.65723147144648,133787200,-0.015279155860159599,41.83389472961426,40.47242599487305,0
2018-03-20,41.16858673095703,41.53507208120745,41.09810795174742,41.16858673095703,78597600,-0.0003421703567464407,41.800300979614256,40.476892623901364,0
2018-03-21,40.23591995239258,41.13333859622522,40.23356838983998,41.1215915375593,148219600,-0.02265481651482404,41.71196823120117,40.46574722290039,0
2018-03-22,39.667396545410156,40.56716314673629,39.60866483810851,39.937560965118145,165963200,-0.014129747938039006,41.5219123840332,40.44332534790039,0
2018-03-23,38.74882507324219,39.918759476392545,38.74882507324219,39.55932177672166,164115200,-0.02315683791136669,41.16858100891113,40.40271911621094,1
2018-03-26,40.588321685791016,40.665847993277964,39.10123397243239,39.48416596813154,150164800,0.04747231971735544,40.958322525024414,40.39427009582519,0
2018-03-27,39.54758834838867,41.14743975601389,39.213992623887194,40.802096971098365,163690400,-0.02564120156184435,40.685102462768555,40.356536331176756,0
2018-03-28,39.110633850097656,39.94227718010619,38.80757969117279,39.29152858782049,166674000,-0.011048827919460713,40.404131698608396,40.31427536010742,1
2018-03-29,39.4160270690918,40.34868696132009,39.2092902915603,39.42307458789862,153594000,0.007808444633361056,40.148765563964844,40.26450454711914,0
2018-04-02,39.15760803222656,39.68854503990623,38.638421669404664,39.1482125349196,150347200,-0.006556191886418539,39.88235855102539,40.20881690979004,1
2018-04-03,39.55933380126953,39.64390761423454,38.734741813385234,39.38313865631738,121112000,0.010259200937716928,39.72002410888672,40.16490737915039,1
2018-04-04,40.315799713134766,40.40976902587753,38.708900806216754,38.73474290492594,138422000,0.019122311706901263,39.63474540710449,40.142959136962894,1
2018-04-05,40.59535217285156,40.931295779638134,40.42620458834271,40.543667989546165,107732800,0.006934067083028017,39.67068862915039,40.126414947509765,0
2018-04-06,39.55698776245117,40.52018578459094,39.514699061545755,40.16544749918795,140021200,-0.02557840626629182,39.65964775085449,40.10229934692383,1
2018-04-09,39.949317932128906,40.66349409278615,39.902333271573795,39.90938079142207,116070800,0.009918100236392391,39.779697036743165,40.10058349609375,1
2018-04-10,40.70107650756836,40.87727164396476,40.297002041323346,40.64234479543622,113634400,0.018817807520935315,39.790972518920896,40.11203102111816,0
2018-04-11,40.51078796386719,40.858478709963855,40.336940798469165,40.461451746423364,89726400,-0.004675270534080012,39.88729248046875,40.13628479003906,1
2018-04-12,40.91016387939453,41.11220112545618,40.65174289558331,40.73866827270133,91557200,0.009858507711169695,40.06724548339844,40.17315864562988,1
2018-04-13,41.04876708984375,41.30953603414656,40.842033901488705,41.06051414916714,100497200,0.003387989616903786,40.230519485473636,40.21065246582031,1
2018-04-16,41.30483627319336,41.3917580517207,41.07225742493238,41.11924207319854,86313600,0.006238169901404023,40.44524230957031,40.25162971496582,1
2018-04-17,41.87335968017578,42.03780774506262,41.443443148950855,41.4622377256092,106421600,0.013764088137819153,40.67664489746094,40.33804412841797,0
2018-04-18,41.779396057128906,42.009626983699256,41.55386825663928,41.77234853740734,83018000,-0.002243995317418035,40.82300453186035,40.44134368896484,0
2018-04-19,40.59535217285156,41.203811730757785,40.56246256390254,40.82087989573101,139235200,-0.028340378177278747,40.82300453186035,40.49035835266113,0
2018-04-20,38.93207550048828,40.22417309688834,38.86394471070118,40.07851960585239,261964400,-0.04097209614739117,40.76051330566406,40.52243927001953,0
2018-04-23,38.81931686401367,39.21399228063409,38.549148815653716,39.192849722893605,146062000,-0.002896291426158215,40.647513198852536,40.5728076171875,0
2018-04-24,38.27897644042969,39.0753782130152,37.874902025195276,38.920325652232485,134768000,-0.013919369716804297,40.405303192138675,40.603488998413084,1
2018-04-25,38.44578170776367,38.86160328074757,38.154474676608544,38.203807312988204,113528400,0.004357620888676861,40.19880256652832,40.60790573120117,1
2018-04-26,38.57968521118164,38.934423442282075,38.3799959671343,38.556191093752886,111852000,0.003482917955363929,39.965754699707034,40.607341842651365,0
2018-04-27,38.133338928222656,38.60554074139744,37.73631186452283,38.52801442854183,142623200,-0.011569464097898274,39.67421188354492,40.58361450195312,1
2018-04-30,38.82401657104492,39.29387035128862,38.020567036992176,38.08869784255944,169709600,0.018112173290734113,39.42612991333008,40.54729507446289,1
2018-05-01,39.726131439208984,39.7496219731945,38.8263611810119,39.09417764440143,214277600,0.023236000492459663,39.2114070892334,40.53164901733398,1
2018-05-02,41.481040954589844,41.758252952550066,40.830292492766674,41.16623621077268,266157600,0.044175192796366725,39.181571578979494,40.553826065063475,1
2018-05-03,41.55620574951172,41.69951125552429,40.980635747713265,41.31893094778877,136272800,0.001812027692462248,39.277656936645506,40.58117134094238,1
2018-05-04,43.186607360839844,43.28527621703222,41.856920403424276,41.875714983370386,224805200,0.03923364950967123,39.70311012268066,40.634405822753905,1
2018-05-07,43.499053955078125,44.08871902485771,43.40273309167816,43.50374991083004,169805600,0.007234802947767571,40.17108383178711,40.67979377746582,1
2018-05-08,43.70814514160156,43.748082279576245,43.149018040556854,43.459123231465554,113611200,0.004806798482085872,40.7140007019043,40.71305938720703,1
2018-05-09,44.01590347290039,44.02529897149268,43.513160057763855,43.825613260281884,92844800,0.007041212348448678,41.27101287841797,40.75520553588867,1
2018-05-10,44.645503997802734,44.723030300623904,44.084028881643164,44.10517502583062,111957200,0.014303932788519935,41.877594757080075,40.811212158203126,0
2018-05-11,44.475704193115234,44.82237867598851,44.20685496134849,44.6879558593665,104848800,-0.0038032901296367605,42.511831283569336,40.87848243713379,0
2018-05-14,44.37192153930664,44.69737182030801,44.30353163892593,44.57473780741277,83115200,-0.0023334684788343107,43.06662178039551,40.9379914855957,0
2018-05-15,43.96865463256836,44.117230403575014,43.65263963890767,44.04883689689626,94780800,-0.009088335432601236,43.49087409973144,40.986568984985354,1
2018-05-16,44.379005432128906,44.445041913162775,43.864891761356354,43.88140178124538,76732400,0.009332803175118976,43.78067054748535,41.044058609008786,0
2018-05-17,44.09837341308594,44.55117192487424,43.94979760818631,44.33656322857982,69176000,-0.0063235310550651125,44.03488731384277,41.10364112854004,0
2018-05-18,43.93800735473633,44.29175654638332,43.89555917902967,44.14554136536321,73190800,-0.0036365526874970744,44.11002731323242,41.15104217529297,1
2018-05-21,44.24930191040039,44.636067492860136,44.07950203531832,44.33655888007339,73603200,0.007084858290245188,44.18505210876465,41.19038543701172,0
2018-05-22,44.13845443725586,44.544087019146,44.048836848680494,44.426170654608676,60962800,-0.0025050671617143916,44.22808303833008,41.219336395263674,1
2018-05-23,44.42146682739258,44.45448327580504,43.80830010142055,43.947444189787284,80233600,0.006411923429240796,44.268639373779294,41.262169952392576,0
2018-05-24,44.37192153930664,44.534646679807324,43.91440911918023,44.51814026186224,92936000,-0.001115345611581331,44.24128112792969,41.31120155334472,1
2018-05-25,44.47334289550781,44.72568208078346,44.25401655460162,44.39079998901704,69844000,0.0022857102573601296,44.241044998168945,41.36127464294434,0
2018-05-29,44.3129768371582,44.51343613465707,44.07006936758996,44.24222988370924,90056400,-0.0036058917074526242,44.235150527954104,41.41110061645508,0
2018-05-30,44.21864318847656,44.3365595703125,44.04884331075102,44.27052668436617,74762000,-0.002128804143045948,44.26014938354492,41.47181991577148,0
2018-05-31,44.070064544677734,44.39079722646225,43.8979076459214,44.152607446031645,109931200,-0.0033600905203158282,44.229255294799806,41.529849472045896,1
2018-06-01,44.86482620239258,44.869540266724215,44.27760132608851,44.334202484769676,93770000,0.01803404796262842,44.30590057373047,41.6224275970459,1
2018-06-04,45.23980712890625,45.614780422839644,45.12660839080849,45.19499832047591,105064800,0.008358015805568275,44.43608055114746,41.73387580871582,1
2018-06-05,45.58884048461914,45.73741630826925,45.36480003207524,45.532242912579584,86264000,0.00771518222255807,44.570034408569335,41.87067611694336,1
2018-06-06,45.74684143066406,45.77042614795653,45.26102648202931,45.664302117185684,83734400,0.003465781194812889,44.730873107910156,41.97384651184082,0
2018-06-07,45.624202728271484,45.79871665000415,45.360067616734455,45.784567261595775,85388800,-0.0026808124573682868,44.85114669799805,42.09537879943848,0
2018-06-08,45.209136962890625,45.279887506824466,44.7539814876387,45.08414589463377,106627200,-0.009097490817601916,44.934868240356444,42.21734886169433,0
2018-06-11,45.098304748535156,45.2728223137285,44.857757886607324,45.126607131161826,73234000,-0.0024515445726478458,44.99736442565918,42.3309944152832,1
2018-06-12,45.345924377441406,45.42374962276294,45.07943219787274,45.13603335770362,67644400,0.005490663790733485,45.1006591796875,42.4547607421875,0
2018-06-13,44.97330856323242,45.48742587356639,44.91199333844062,45.37894121591051,86553600,-0.008217184219412532,45.17612571716309,42.563040237426755,1
2018-06-14,44.996883392333984,45.17847559309577,44.86009998383357,45.17375793114149,86440400,0.0005241960143629321,45.268807601928714,42.656661911010744,0
2018-06-15,44.53466033935547,44.84596132945059,44.39787689811876,44.81530191719264,246876800,-0.010272334840356168,45.235791015625,42.73544807434082,0
2018-06-18,44.51108169555664,44.624280426192385,44.14789718692126,44.30826535396777,73939600,-0.0005294447879282682,45.16291847229004,42.83452995300293,0
2018-06-19,43.791786193847656,43.94271901773257,43.26351951098928,43.662077454917885,134314000,-0.016159919604487816,44.98321304321289,42.9113793182373,1
2018-06-20,43.982791900634766,44.14787404597319,43.80119974150206,43.94741844039113,82514800,0.004361678830399951,44.80680809020996,42.97701362609863,0
2018-06-21,43.737545013427734,44.4191015421544,43.614910971313066,44.15968406816612,102847600,-0.005575973616251728,44.61814231872559,43.04154876708984,0
2018-06-22,43.610191345214844,43.900264617780905,43.558307852752996,43.893189923219936,108801600,-0.002911769926130736,44.45824775695801,43.09554931640625,0
2018-06-25,42.96165466308594,43.61019477128706,42.62205490339157,43.25172795844052,126652400,-0.014871218449722945,44.24458274841309,43.133807067871096,1
2018-06-26,43.494632720947266,43.989882939520605,43.04890896364015,43.15503658085031,98276800,0.012405901542690723,44.05945358276367,43.177602996826174,0
2018-06-27,43.430965423583984,44.16676254218602,43.40030601080136,43.68330462576194,101141200,-0.0014637966429503768,43.90521926879883,43.20875511169434,1
2018-06-28,43.74697494506836,43.91441778022943,43.34605999142176,43.416810535835204,69460800,0.007276133938131979,43.78022842407226,43.248106689453124,0
2018-06-29,43.654998779296875,44.145531311824726,43.136167469409244,43.93327968606021,90950800,-0.0021024577330656102,43.69226226806641,43.30929962158203,1
2018-07-02,44.14316940307617,44.17147177813843,43.25643961910087,43.35077487177182,70925200,0.011182467928754436,43.65547103881836,43.41352149963379,0
2018-07-03,43.37435531616211,44.32476093119673,43.28473772713927,44.28702683071112,55819200,-0.01741637714985833,43.6137279510498,43.504622268676755,1
2018-07-05,43.723392486572266,43.961585878435855,43.459260945558434,43.690376043945534,66416800,0.008047086068852627,43.58778800964355,43.613510589599606,1
2018-07-06,44.3294792175293,44.43796025980042,43.676221537946965,43.728105027214696,69940800,0.01386184137342883,43.646981430053714,43.731184539794924,1
2018-07-09,44.945011138916016,44.96859225753732,44.64314547179164,44.69031130755683,79026400,0.013885385803118488,43.78046340942383,43.85849105834961,0
2018-07-10,44.89075469970703,45.11007737762865,44.85065997506631,44.975654613407315,63756400,-0.0012071737849009834,43.97337341308594,43.993639373779295,0
2018-07-11,44.308265686035156,44.7563465471134,44.244589825221624,44.45448086414058,75326000,-0.012975701067366452,44.05473670959473,44.1033243560791,1
2018-07-12,45.05113983154297,45.140757447737556,44.64550712464103,44.697390628909154,72164400,0.016766039789771092,44.21675415039063,44.20982452392578,1
2018-07-13,45.121883392333984,45.24215680710404,45.02047343207802,45.062925201040784,50055600,0.0015702945820137426,44.354244995117185,44.282641372680665,0
2018-07-16,45.02283477783203,45.43318149269543,44.90727542559399,45.166692910813076,60172400,-0.0021951347562495505,44.4910285949707,44.35197395324707,1
2018-07-17,45.15018844604492,45.249237789357274,44.61956465067832,44.74927340925029,62138000,0.0028286461490336645,44.59173049926758,44.39124557495117,0
2018-07-18,44.90256118774414,45.23272924852803,44.79171949001588,45.22801158520352,65573600,-0.005484523250588458,44.74455108642578,44.41931571960449,1
2018-07-19,45.2515869140625,45.40959441668274,44.73511264213496,44.73511264213496,81147200,0.007772958091611493,44.89737052917481,44.45018455505371,0
2018-07-20,45.147823333740234,45.38129545886398,44.84831472637009,45.228005607044906,82704800,-0.0022930373805304383,44.979204940795896,44.472822952270505,1
2018-07-23,45.187904357910156,45.27044724335438,44.70444659713996,44.968578072927144,63957600,0.0008877731241578868,45.00349426269531,44.483670959472654,1
2018-07-24,45.51572036743164,45.67137084476869,45.29167997651918,45.38601163631743,74791600,0.007254507908245111,45.06599082946777,44.50447128295898,1
2018-07-25,45.94493103027344,45.95200572380578,45.381287389704944,45.529863150927376,66839600,0.009429943311386468,45.229657363891604,44.53593147277832,0
2018-07-26,45.80108642578125,46.21379379653587,45.65958531639916,45.89541809968751,76304000,-0.0031308046669480394,45.30465202331543,44.572580108642576,0
2018-07-27,45.03934097290039,46.032198508380596,44.83181058429597,45.9850326745397,96096000,-0.01663160226810856,45.29639778137207,44.58578681945801,0
2018-07-30,44.78700637817383,45.32706188833266,44.58890769660208,45.25631133105051,84118000,-0.005602537454497569,45.27281494140625,44.599559478759765,1
2018-07-31,44.876617431640625,45.31290950732972,44.65257701379592,44.878978062458756,157492000,0.002000827041444442,45.24545783996582,44.61833168029785,1
2018-08-01,47.520294189453125,47.58160940261683,46.53215449381962,46.96137178153096,271742800,0.05890989359524568,45.50723114013672,44.683751525878904,1
2018-08-02,48.90935516357422,49.1428308876764,47.249094143303275,47.30333466964215,249616000,0.02923090014096319,45.87300796508789,44.77916954040527,1
2018-08-03,49.05086135864258,49.22773594418698,48.45891877596613,48.82446030579577,133789600,0.002893233709483578,46.263311767578124,44.871757431030275,1
2018-08-06,49.30555725097656,49.34800542082201,48.8338917272411,49.053214468487354,101701600,0.00519248562164365,46.67507705688477,44.97043014526367,0
2018-08-07,48.843326568603516,49.40696676146404,48.760783657277955,49.364518588912105,102349600,-0.00937481915111893,47.00783767700195,45.05782981872559,1
2018-08-08,48.87635040283203,49.008416202101316,48.23252783213272,48.59335174746598,90102000,0.0006761176305658534,47.30097961425781,45.149097290039066,1
2018-08-09,49.26074981689453,49.472997869054055,48.86454889473496,49.41403967695169,93970400,0.007864732347941938,47.64694595336914,45.24993942260742,0
2018-08-10,49.1140251159668,49.48558286476212,48.91049747261403,49.07379336928748,98444800,-0.0029785316194560485,48.05441436767578,45.3508186340332,1
2018-08-13,49.43114471435547,49.92339766557186,49.15425310638555,49.53527563245895,103563600,0.0064568032784910745,48.51882820129394,45.44214500427246,1
2018-08-14,49.639408111572266,49.83110202995326,49.28678360256795,49.73643952568758,82992000,0.004213201988751747,48.99510726928711,45.53013702392578,1
2018-08-15,49.755367279052734,49.8736972019481,49.30334610691821,49.51397322522625,115230400,0.002336030422035451,49.21861457824707,45.61346755981445,1
2018-08-16,50.484275817871094,50.60023682148504,50.04645369529504,50.112718157686544,114001600,0.014649847417069095,49.376106643676756,45.708216247558596,1
2018-08-17,51.49245071411133,51.58001370324593,50.44641460805595,50.51267907731609,141708000,0.019970077413358656,49.620265579223634,45.82558120727539,0
2018-08-20,50.990726470947266,51.87109768021594,50.90789408938502,51.615508252096106,121150800,-0.009743646616271251,49.7887825012207,45.94121299743652,0
2018-08-21,50.891334533691406,51.4001553976594,50.65230937590978,51.3078581970167,104639200,-0.0019492159483643912,49.993583297729494,46.05707359313965,1
2018-08-22,50.893707275390625,51.20373113650399,50.60734723529338,50.66888111445021,76072400,4.6623687921742984e-05,50.19531898498535,46.16802925109863,1
2018-08-23,50.99782943725586,51.367018204194856,50.78720232734104,50.799032430245035,75532800,0.0020458749703931023,50.36902694702148,46.2885196685791,1
2018-08-24,51.15639114379883,51.33151711174363,50.90789759315165,51.26052204968089,73905600,0.003109185396567682,50.573263549804686,46.4117098236084,1
2018-08-27,51.57763671875,51.7669652785152,51.19661430126148,51.39067345694291,82100400,0.008234466222745596,50.78791275024414,46.55256935119629,1
2018-08-28,51.994171142578125,52.192964560685056,51.80957673845841,51.83087525943924,91107200,0.008075872613153345,51.02338905334473,46.70223114013672,1
2018-08-29,52.77042007446289,52.89111892678054,51.9255461639556,52.10067216748591,109019200,0.014929537577513141,51.32489433288574,46.881803817749024,1
2018-08-30,53.255550384521484,54.01996046825638,52.63313400311481,52.834296262006895,195175200,0.009193224336172312,51.60202178955078,47.067258987426754,1
2018-08-31,53.870880126953125,54.164336015200355,53.485123435107745,53.605818652582734,173360400,0.011554283788051567,51.83986473083496,47.26992568969727,1
2018-09-04,54.04364013671875,54.23769932388201,53.634219632745676,54.05547385071295,109560400,0.0032069275526684926,52.14515609741211,47.478594665527346,0
2018-09-05,53.69102096557617,54.353669291891656,53.27213561587266,54.19274232139055,133332000,-0.0065247117005909905,52.42512474060059,47.69318199157715,0
2018-09-06,52.79880905151367,53.80461332013757,52.372820639044484,53.539551857299855,137160000,-0.016617525575357117,52.61563491821289,47.879265518188475,0
2018-09-07,52.372825622558594,53.33602933601762,52.233197177478694,52.50298926252407,150479200,-0.00806804995429844,52.75313453674316,48.058102722167966,0
2018-09-10,51.66995620727539,52.50300006328295,51.229768650474384,52.290003987392694,158066000,-0.013420498262756597,52.80449104309082,48.21656234741211,1
2018-09-11,52.97631072998047,53.082806943997085,51.25105834056841,51.59421441290767,142996000,0.025282671374146304,52.94435844421387,48.40298858642578,0
2018-09-12,52.318397521972656,53.24846904799571,52.02730329115404,53.23427003403245,197114800,-0.012419007645911528,52.97678108215332,48.56649314880371,1
2018-09-13,53.58216094970703,54.04128166600447,52.67338793396075,52.89821408368517,166825600,0.02415523960197019,53.05795516967773,48.77064926147461,0
2018-09-14,52.97395324707031,53.68393297518519,52.661564044494455,53.42597454064459,127997200,-0.011350936428405567,53.029795455932614,48.95566047668457,0
2018-09-17,51.563438415527344,52.76330172457034,51.41907579298098,52.5739731622099,148780400,-0.02662657296812143,52.79905128479004,49.10033966064453,1
2018-09-18,51.64865493774414,52.50299727258675,51.38359340924579,51.54215509988807,126286800,0.0016526539896364323,52.55955276489258,49.23441253662109,1
2018-09-19,51.67940902709961,51.97523383237658,50.952865183133554,51.71017596241406,108495200,0.0005954480207188695,52.35839157104492,49.37018562316894,1
2018-09-20,52.0722770690918,52.60476183960247,51.86401520328172,52.12197723657592,106435200,0.00760202272797228,52.28573837280273,49.52546585083008,0
2018-09-21,51.51138687133789,52.387027646018495,51.42382026606977,52.24976449154423,384986800,-0.010771378348016003,52.199594497680664,49.654670791625975,1
2018-09-24,52.25213623046875,52.363366669163675,51.267633819230554,51.31259977672128,110773600,0.014380303154738483,52.2578125,49.79727584838867,1
2018-09-25,52.58345031738281,52.73254717183654,51.99416601700422,52.00599973120798,98217600,0.006340680225067397,52.218526458740236,49.94848815917969,0
2018-09-26,52.1645622253418,52.95263993684514,52.008365862094074,52.30182536778894,95938800,-0.007966158354248187,52.203142929077146,50.088775634765625,1
2018-09-27,53.23663330078125,53.589257782363156,52.902942040808725,52.969210122012925,120724800,0.020551712306302816,52.16859016418457,50.255457077026364,1
2018-09-28,53.423606872558594,53.44727069576023,53.01655155759828,53.19877707971044,91717600,0.0035121223898768594,52.2135555267334,50.41889747619629,1
2018-10-01,53.7833137512207,54.29449987051598,53.56795604203852,53.94660961803524,94403200,0.006733107323138698,52.435543060302734,50.5916072845459,1
2018-10-02,54.26137924194336,54.43177465148295,53.634231978459695,53.780959954563045,99152800,0.00888873253392286,52.696815490722656,50.77307678222656,1
2018-10-03,54.92164611816406,55.252968421450255,54.3796931085446,54.44359227101489,114619200,0.012168265632848563,53.021039199829104,50.96119529724121,0
2018-10-04,53.956077575683594,54.9879146101768,53.65788386972213,54.616356932476414,128168000,-0.01758083762462337,53.20941925048828,51.121418228149416,0
2018-10-05,53.08043670654297,54.05547775401999,52.202430676368174,53.948981542667234,134322000,-0.016228771780386952,53.366324234008786,51.26700523376465,0
2018-10-08,52.957366943359375,53.201126259912016,52.11248968434598,52.588178215809435,118655600,-0.0023185521977520107,53.43684730529785,51.42536575317383,1
2018-10-09,53.69102096557617,53.785687075702874,52.597653574398485,52.9266106334102,107564000,0.013853672577820442,53.547604370117185,51.603446044921874,0
2018-10-10,51.20372009277344,53.56795305429234,51.13035612450343,53.357325953618734,167962400,-0.04632619808808369,53.451520156860354,51.72998809814453,0
2018-10-11,50.75170135498047,51.946834254825696,50.247618357424,50.76826927692951,212497600,-0.008827849558078582,53.203026962280276,51.79461624145508,1
2018-10-12,52.56451416015625,52.746743237513996,51.31731586452513,52.164558475955246,161351600,0.03571925190243652,53.117117691040036,51.86771942138672,0
2018-10-15,51.44038391113281,52.49825370424345,51.419085391816054,52.33969204186986,123164000,-0.02138572508438641,52.88282470703125,51.91550987243652,1
2018-10-16,52.57398223876953,52.772779249697095,51.298385840102064,51.811937261784536,116736000,0.022037128058668864,52.714085006713866,51.980878372192386,0
2018-10-17,52.3467903137207,52.68994635769821,51.90896816755255,52.60948287919308,91541600,-0.0043213756191611274,52.456599426269534,52.05094764709472,0
2018-10-18,51.123268127441406,52.00364316715554,50.40855428097603,51.55872143859332,130325200,-0.023373394604455755,52.173318481445314,52.09588600158691,1
2018-10-19,51.90186309814453,52.363349012038746,51.456941493394126,51.60603833139924,132314800,0.015229757392704713,52.05546112060547,52.148708267211916,1
2018-10-22,52.21900177001953,52.860351642227485,51.814315392093164,52.01547412607482,115168400,0.006110352363946969,51.981624603271484,52.21080780029297,1
2018-10-23,52.71125411987305,52.83431826872994,50.810875570252065,51.078302390515155,155071200,0.00942669015431341,51.88364791870117,52.27640998840332,0
2018-10-24,50.903175354003906,53.06624662457979,50.77301169104636,52.68049345581535,163702000,-0.03430156986508626,51.85359344482422,52.30168533325195,1
2018-10-25,52.01783752441406,52.3917605334903,51.2960242350942,51.52321928773726,119423200,0.021897694253026234,51.98020706176758,52.34693473815918,0
2018-10-26,51.18953323364258,52.11014003080295,50.33045670583249,51.09486711409227,189033600,-0.01592346645288223,51.84270896911621,52.36103988647461,0
2018-10-29,50.22868347167969,51.99179847777258,48.77322335476921,51.87346856312014,183742000,-0.018770434134988467,51.7215389251709,52.33576454162598,1
2018-10-30,50.47955322265625,50.92447134232878,49.52581419332584,49.97073231299837,146640000,0.004994551591582352,51.51209602355957,52.32554107666016,1
2018-10-31,51.79536819458008,52.1716564405794,51.26524889935594,51.32678276350277,153435600,0.026066295914308313,51.456953811645505,52.34362174987793,1
2018-11-01,52.59055709838867,52.62368933605675,51.310226322888035,51.84034573672041,233292800,0.015352509915969703,51.60368270874024,52.37755874633789,0
2018-11-02,49.1021842956543,50.562375125777734,48.61703088459364,49.59207191479913,365314800,-0.06633078246743374,51.32371482849121,52.339645843505856,0
2018-11-05,47.70825958251953,48.37090790263362,46.898883307010784,48.349609382233005,264654800,-0.028388242460695046,50.87264060974121,52.270683212280275,1
2018-11-06,48.224185943603516,48.44901211289893,47.731932947771526,47.78636371038881,127531600,0.010814193718209353,50.423933792114255,52.203614196777345,1
2018-11-07,49.68672561645508,49.7127583395969,48.30936742141667,48.74482059838714,133697600,0.030327928698722806,50.30228881835937,52.15746528625488,0
2018-11-08,49.51335906982422,49.90045801657448,49.100132946285534,49.86721018758228,101450400,-0.0034891924247357764,50.05184097290039,52.09232406616211,0
2018-11-09,48.558677673339844,48.924403878426105,48.03145938671116,48.81516253903021,137463200,-0.019281289220108744,49.78875541687012,51.99838661193848,0
2018-11-12,46.112579345703125,47.46149946228675,46.02233365648393,47.259635249162585,204542000,-0.05037407204726452,49.377145004272464,51.84322059631348,0
2018-11-13,45.651851654052734,46.82740454065561,45.46661319307252,45.509362481467676,187531600,-0.009991366741737506,48.89437484741211,51.67538482666016,0
2018-11-14,44.3623161315918,46.18620401920022,44.15570117063731,46.0484619198116,243204000,-0.02824716798418092,48.15106964111328,51.48881072998047,1
2018-11-15,45.457122802734375,45.59011416840596,44.38606035126789,44.739915225013526,185915200,0.02467875364972061,47.437726211547854,51.341977005004885,1
2018-11-16,45.96059036254883,46.30257022483374,44.99402580264635,45.24100924555052,147713200,0.011075658307704517,47.12356681823731,51.21373229980469,0
2018-11-19,44.139068603515625,45.288497903512194,43.9324573152548,45.122258727684965,167701200,-0.03963225329928477,46.76664772033691,51.06311454772949,0
2018-11-20,42.03020477294922,43.09651653057792,41.68110061533722,42.36030964576851,271300800,-0.04777771478391457,46.14724960327148,50.84419242858887,0
2018-11-21,41.98270797729492,42.81153410282051,41.92808729886991,42.68328983761377,124496800,-0.0011300633891954126,45.37684783935547,50.63747863769531,0
2018-11-23,40.916404724121094,41.939971011626305,40.87128549050751,41.545743927470646,94496000,-0.02539862968702511,44.51715240478516,50.384163513183594,1
2018-11-26,41.46973419189453,41.548104874515914,40.434296833953724,41.37949212830179,179994000,0.013523413689552122,43.808258056640625,50.15407913208008,0
2018-11-27,41.379486083984375,41.50535314333375,40.581534441910556,40.73114788347668,165549600,-0.00217624032728414,43.33494873046875,49.95040008544922,1
2018-11-28,42.97065353393555,43.05377133611235,41.543362476736235,41.97083736594521,184250000,0.038453050062577265,43.066828918457034,49.77684005737305,0
2018-11-29,42.640541076660156,43.41236929244246,42.201191258179286,43.37912145271232,167080000,-0.007682276859361403,42.89465141296387,49.59606269836426,0
2018-11-30,42.410179138183594,42.82577894068575,42.04207573121886,42.81627748733265,158126000,-0.005402415932349691,42.589957046508786,49.40282073974609,1
2018-12-03,43.892086029052734,43.92058313866177,43.03476295213865,43.80659107648332,163210000,0.034942245493486235,42.38310661315918,49.250434722900394,0
2018-12-04,41.961326599121094,43.314993644535846,41.86158309301077,42.97301383859059,165377200,-0.04398878259405681,42.16533241271973,49.04461853027344,0
2018-12-06,41.49348449707031,41.507733053331634,40.472295688010675,40.79052552365589,172393600,-0.011149363949341407,42.111660385131835,48.822819213867184,0
2018-12-07,40.01395797729492,41.43887185964096,39.96883512455502,41.20138621258329,169126400,-0.03565683956670007,41.914785385131836,48.57980712890625,1
2018-12-10,40.27755355834961,40.3939191668276,38.788518040620986,39.185118502126784,248104000,0.006587590790300135,41.85090026855469,48.32062553405762,0
2018-12-11,40.04719543457031,40.797647130558154,39.66009277068402,40.76677646859411,189126800,-0.005719268014766077,41.70864639282227,48.053097305297854,1
2018-12-12,40.158817291259766,40.828524813618266,40.13981800799348,40.46754567904434,142510800,0.002787257771192042,41.58657951354981,47.78060737609863,1
2018-12-13,40.59815979003906,40.98288889960045,40.2656814225094,40.48891845088322,127594400,0.010940125442262971,41.34933013916016,47.50734298706055,0
2018-12-14,39.29912185668945,40.15407159200264,39.25162545444832,40.13507230635754,162814800,-0.03199745850717928,41.015188217163086,47.194892501831056,0
2018-12-17,38.93338394165039,39.98069614858021,38.64602481476613,39.29198583874038,177151600,-0.009306516221222028,40.66750869750977,46.89443862915039,1
2018-12-18,39.43923568725586,39.785962637088474,39.0402579913097,39.275370041978476,135366000,0.012992750549595034,40.22222366333008,46.621614608764645,0
2018-12-19,38.20905303955078,39.76695779190644,37.78157829073558,39.42260444171222,196189200,-0.03119184807383557,39.84699630737305,46.32664833068848,0
2018-12-20,37.24486541748047,38.498789039513056,36.88151275562685,38.09268708722474,259092000,-0.025234533320474206,39.42213439941406,45.99772521972656,0
2018-12-21,35.79619598388672,37.56071550705101,35.534964052788624,37.25198356689697,382978400,-0.03889581603680148,39.000358200073244,45.68957473754883,0
2018-12-24,34.869998931884766,35.990930863178946,34.813001103199134,35.1834779303022,148676800,-0.025874175357037177,38.459602737426756,45.37194068908691,1
2018-12-26,37.325618743896484,37.33986730293272,34.84389445485186,35.21912221236073,234330000,0.07042213614082815,38.187445068359374,45.06716278076172,0
2018-12-27,37.08338165283203,37.23062521543055,35.639472134315575,37.00976168340444,212468400,-0.006489834575188813,37.8799015045166,44.7800227355957,1
2018-12-28,37.102378845214844,37.64622296552479,36.70340472744858,37.403986609027776,169165600,0.0005122831720327792,37.53032341003418,44.47059066772461,1
2018-12-31,37.46097946166992,37.84570497009902,37.16174528956495,37.648591489285586,140014000,0.00966516508149251,37.34650917053223,44.172874450683594,1
2019-01-02,37.50371551513672,37.72457894857997,36.627393305047725,36.784134628944,148158800,0.0011408151650311726,37.20354232788086,43.9004833984375,0
2019-01-03,33.76806640625,34.60638999543763,33.72294357800193,34.19316388930112,365248800,-0.0996074404249091,36.63642539978027,43.53780746459961,1
2019-01-04,35.20960235595703,35.27847518696242,34.150418952054864,34.3237823692983,234428400,0.04268932465260211,36.3364803314209,43.19761947631836,0
2019-01-07,35.131248474121094,35.34498772125398,34.649152921842216,35.314113428905806,219111200,-0.0022253554880797832,36.12511863708496,42.84601936340332,1
2019-01-08,35.800960540771484,36.05507191717408,35.27136857362246,35.51835204691937,164101200,0.01906314451488189,36.12559509277344,42.543975067138675,1
2019-01-09,36.408912658691406,36.6986453479839,35.534967488442895,35.929190786032024,180396400,0.0169814471102685,36.2794864654541,42.23179656982422,1
2019-01-10,36.52528381347656,36.56565592820539,35.82707561156554,36.21655182724987,143122800,0.003196227140207508,36.19945297241211,41.9385115814209,0
2019-01-11,36.166683197021484,36.50153878834281,35.98144470474648,36.30680246578782,108092800,-0.009817873511574704,36.10778312683105,41.65727157592774,0
2019-01-14,35.622833251953125,35.924440921467415,35.43759480894233,35.824697423210985,129756800,-0.01503731879712844,35.959828567504886,41.360137176513675,1
2019-01-15,36.35192108154297,36.42791458616587,35.634713583499995,35.68696070331559,114843600,0.020466868102072322,35.84892272949219,41.05126823425293,1
2019-01-16,36.796016693115234,37.01925372022599,36.33529408375769,36.35429336518652,122278800,0.012216565132172619,35.77815284729004,40.73537742614746,1
2019-01-17,37.01450729370117,37.441982116151216,36.397043258635236,36.620280311678194,119284800,0.005937887310145218,36.102796936035155,40.493623886108395,1
2019-01-18,37.24249267578125,37.49422682619904,37.043002022319946,37.4039811406747,135004000,0.006159352068935364,36.30608596801758,40.28430854797363,0
2019-01-22,36.40653991699219,37.22111371203419,36.24504783922982,37.1451202112431,121576000,-0.022446208584010363,36.433615112304686,40.047955627441404,1
2019-01-23,36.553768157958984,36.8435007612888,36.02655005181727,36.60838880895819,92522400,0.004044005316145904,36.50889587402344,39.78529647827148,0
2019-01-24,36.26404571533203,36.68676973887957,36.03606159804956,36.59890123781676,101766000,-0.007925925485301022,36.4944091796875,39.52031021118164,1
2019-01-25,37.465721130371094,37.553593252863344,36.64877383724475,36.92425433639867,134142000,0.03313682716131727,36.588452911376955,39.298451080322266,0
2019-01-28,37.1190071105957,37.126131390060124,36.492045151523456,36.99788711221388,104768400,-0.009254166457090651,36.683685302734375,39.118579635620115,0
2019-01-29,36.73427963256836,37.55360804703565,36.59891469261955,37.1071338529194,166348800,-0.010364702829497863,36.7948299407959,38.94022819519043,1
2019-01-30,39.24449157714844,39.45822714683114,38.052312966631995,38.76952042341593,244439200,0.06833431796371858,37.08408699035645,38.83787170410156,1
2019-01-31,39.52710723876953,40.13506984718842,39.08063311282435,39.44873654918918,162958400,0.007201409682312088,37.35719604492188,38.719271392822264,1
2019-02-01,39.54610824584961,40.13032086817942,39.405988969666886,39.65060250317511,130672400,0.00048070826345325557,37.610356140136716,38.59098175048828,1
2019-02-04,40.66942596435547,40.76679597066946,39.72660744918007,39.757481749656264,125982000,0.0284052658613696,37.95304946899414,38.52158889770508,1
2019-02-05,41.365238189697266,41.578977394234336,40.93064275033117,41.05175909628241,144406400,0.017108975817648364,38.44891929626465,38.50828956604004,1
2019-02-06,41.379486083984375,41.6953423197784,41.049381294111875,41.47685241143466,112958400,0.0003444412485134052,38.93149108886719,38.496225128173826,0
2019-02-07,40.595787048339844,41.30824381331951,40.45329424584691,40.94251397800082,126966800,-0.018939312925586482,39.36466522216797,38.489812774658205,1
2019-02-08,40.64349365234375,40.70311969069085,40.16886907695841,40.30481819124638,95280000,0.0011751614507953256,39.68244247436523,38.473287963867186,0
2019-02-11,40.40975570678711,40.83429643477586,40.36682670736698,40.79613489799055,83973600,-0.005750931441966811,40.01151733398437,38.45389335632324,1
2019-02-12,40.75796127319336,40.784196867041736,40.47414084136545,40.569544655033816,89134000,0.008616868880198858,40.413885498046874,38.409639511108395,0
2019-02-13,40.58863067626953,41.13719089744632,40.52662091325393,40.87722227186637,89960800,-0.00415454040472818,40.548299407958986,38.36860130310058,1
2019-02-14,40.73651123046875,40.84622110600096,40.39783576019398,40.47654256965909,87342800,0.003643398452603641,40.6692398071289,38.33512794494629,0
2019-02-15,40.6458740234375,40.95115902339319,40.48607669059228,40.84383289109825,98507200,-0.0022249624303481985,40.7792163848877,38.27020370483398,1
2019-02-19,40.76750564575195,40.88914507060669,40.42406278544301,40.4765339806188,75891200,0.0029924715665929913,40.789024353027344,38.246327285766604,1
2019-02-20,41.029869079589844,41.337541474435355,40.78182636217737,40.82952646483924,104457600,0.006435601827536219,40.7554874420166,38.23705497741699,0
2019-02-21,40.79852294921875,41.11096283125137,40.61726108922249,40.97501734607539,68998800,-0.005638480832642401,40.69739112854004,38.25274627685547,1
2019-02-22,41.25406265258789,41.26121748586465,40.874841931781916,40.922542033388446,75652800,0.011165593027378629,40.76321868896484,38.27227645874024,1
2019-02-25,41.5545768737793,41.94572353268566,41.487796003181955,41.53788347577221,87493600,0.007284475803561952,40.854327011108396,38.302424087524415,1
2019-02-26,41.57842254638672,41.809771827642344,41.30175690127716,41.430551160576144,68280800,0.0005738398607655348,40.97119369506836,38.330816192626955,1
2019-02-27,41.70721435546875,41.73822105568102,41.196815683559215,41.311300281596466,111341600,0.0030975636206098667,41.066119003295896,38.352997283935544,0
2019-02-28,41.296993255615234,41.71676290033313,41.24213831860219,41.57604632138093,112861600,-0.009835734804948149,41.13695526123047,38.392954711914065,1
2019-03-01,41.7310676574707,41.773996653747055,41.234978633444705,41.56649922650965,103544800,0.01051104130435565,41.23641090393066,38.44890838623047,1
2019-03-04,41.94094467163086,42.39410097599845,41.4925558286642,41.902783144722314,109744800,0.005029274972853104,41.36591796875,38.49894256591797,0
2019-03-05,41.86463928222656,41.97673654026667,41.62851882904494,41.962426871459,78949600,-0.0018193531405101826,41.47563133239746,38.57205429077148,0
2019-03-06,41.62373733520508,41.855086607706475,41.48540451788479,41.659511495165575,83241600,-0.005754306048058044,41.53501815795899,38.65963172912598,0
2019-03-07,41.14196014404297,41.60465871287591,41.0274791869895,41.46870961945666,99185600,-0.011574577921301343,41.56936187744141,38.7665470123291,1
2019-03-08,41.2397346496582,41.277896169689505,40.42643499549499,40.622010056193275,95997600,0.0023765154910684316,41.567929077148435,38.893941726684574,1
2019-03-11,42.66838073730469,42.72085192885243,41.82169411946825,41.85508454688193,128044000,0.034642465568296865,41.67930946350098,39.000796966552734,1
2019-03-12,43.14778137207031,43.56754731458191,42.7804829879991,42.93074174869042,129870400,0.011235501007575976,41.83624534606933,39.1220849609375,1
2019-03-13,43.338584899902344,43.71780557424151,43.15016460861008,43.46737552238741,124130000,0.0044220935993604105,41.999382400512694,39.24680908203125,1
2019-03-14,43.82036209106445,43.9086110924784,43.5413127001033,43.86090735580744,94318000,0.011116587961394142,42.251719284057614,39.37399673461914,1
2019-03-15,44.39038848876953,44.67898009371108,43.82275112158004,44.08749085728255,156171600,0.013008253937301761,42.5176513671875,39.5117301940918,1
2019-03-18,44.843544006347656,44.931789362919865,44.311677218092875,44.31406458834656,104879200,0.010208415222425327,42.80791130065918,39.73323974609375,0
2019-03-19,44.488182067871094,45.07490392114361,44.34269438014027,44.92226139953133,126585600,-0.007924483810339833,43.07026557922363,39.918811340332034,1
2019-03-20,44.8769416809082,45.19415263672283,44.05887055501057,44.41662677956,124140800,0.008738491773928159,43.395586013793945,40.11372520446778,1
2019-03-21,46.5297737121582,46.82552016805965,45.270472092327076,45.32055956507145,204136800,0.03683031796155478,43.93436737060547,40.32830146789551,0
2019-03-22,45.566219329833984,47.14988676613712,45.50182218928217,46.589400548765894,169630800,-0.020708340175581874,44.36701583862305,40.51144760131836,0
2019-03-25,45.01527404785156,45.78802515555478,44.50487531846958,45.67592791524002,175381200,-0.012091090507078683,44.601705169677736,40.68124740600586,0
2019-03-26,44.550193786621094,46.002686995822316,44.023101591485734,45.711711607654806,199202000,-0.01033161012717787,44.741946411132815,40.84891761779785,1
2019-03-27,44.95087432861328,45.25854305952079,44.49294682904075,45.01765519484567,119393600,0.008993912437537332,44.903175354003906,41.03547843933106,1
2019-03-28,45.010494232177734,45.210836803591036,44.72667376970035,45.065349156408665,83121600,0.0013263346810252763,45.02218856811523,41.20864990234375,1
2019-03-29,45.30385208129883,45.3348587781949,44.96756043418868,45.27523275449241,94256000,0.006517543389056524,45.113534927368164,41.378806610107425,1
2019-04-01,45.61153030395508,45.71646906225277,44.92940835895731,45.70693049851085,111448000,0.0067914362360206315,45.19033355712891,41.5507470703125,1
2019-04-02,46.27457046508789,46.37951286036313,45.56621293626409,45.575751499796354,91062800,0.01453667870194919,45.36897239685059,41.731388626098635,1
2019-04-03,46.59177780151367,46.86605606321849,46.06706586546028,46.09091773138408,93087200,0.006854895318047394,45.540456008911136,41.93509338378906,1
2019-04-04,46.672874450683594,46.835055514550795,46.06468818261306,46.45821854703762,76457200,0.0017405785526236617,45.55476608276367,42.13747550964356,1
2019-04-05,46.98531723022461,47.009169100776084,46.730116044604905,46.85413922076049,74106400,0.006694311914968054,45.696675872802736,42.35190093994141,1
2019-04-08,47.724674224853516,47.75567728467312,46.82789643538214,46.846977201039394,103526800,0.015735915775690223,45.96761589050293,42.55708000183105,0
2019-04-09,47.581565856933594,48.3805560125003,47.51716873376691,47.77714095718664,143072800,-0.002998624301669861,46.27075309753418,42.76633117675781,1
2019-04-10,47.84870529174805,47.87732826678451,47.2667545362324,47.38600662091069,86781200,0.005614347279315535,46.56053619384765,42.98861968994141,0
2019-04-11,47.45039367675781,47.93932784783885,47.328757886390626,47.90355368575557,83603200,-0.008324396920702637,46.80452613830566,43.15273773193359,0
2019-04-12,47.43131637573242,47.73421764754132,46.796898139641456,47.51002317734974,111042800,-0.000402047265515848,47.017272567749025,43.31082191467285,1
2019-04-15,47.51716995239258,47.66504496639306,47.22619466458724,47.36214374594973,70146400,0.0018100610149645036,47.20783653259277,43.47024314880371,1
2019-04-16,47.52195358276367,48.02758123423002,47.357385131107456,47.572041057335646,102785600,0.00010067161777271849,47.33257484436035,43.607293701171876,1
2019-04-17,48.44734573364258,48.50697176693292,47.369306032753535,47.59111312973718,115627200,0.019472940001661554,47.51813163757324,43.74893585205078,1
2019-04-18,48.62144470214844,48.69060928805782,48.30185008992061,48.44495036261426,96783200,0.0035935708317857973,47.712988662719724,43.89377502441406,1
2019-04-22,48.7812385559082,48.8790261008626,48.25891404522584,48.37578235304574,77758000,0.0032864892176416305,47.89258079528808,44.05748405456543,1
2019-04-23,49.48483657836914,49.54923371338613,48.63099134409102,48.7573982436491,93292000,0.014423537476494053,48.06859703063965,44.234310913085935,0
2019-04-24,49.40852737426758,49.72335100308434,49.38229176859243,49.456227482962845,70162400,-0.0015420724686179277,48.25129318237305,44.414286346435546,0
2019-04-25,48.96013259887695,49.55162188369278,48.92197106068636,49.32981476661857,74172800,-0.009075250755685382,48.36243591308594,44.57832977294922,0
2019-04-26,48.72639846801758,48.893350644801465,48.20645752970833,48.869498774138975,74596400,-0.004773968501562753,48.49003639221191,44.74108512878418,1
2019-04-29,48.80032730102539,49.12469304422843,48.62144921409616,48.75023983540025,88818800,0.001517223421639402,48.62693748474121,44.902361450195315,0
2019-04-30,47.860618591308594,48.51173378273669,47.4885527676354,48.43064325999435,186139600,-0.019256196867701192,48.66128234863281,45.04665634155273,1
2019-05-01,50.20988845825195,51.352321593970665,49.9022161048594,50.05724596672888,259309200,0.04908565614256366,48.93007583618164,45.23550399780274,0
2019-05-02,49.88314437866211,50.71790895155389,49.639872751990076,50.047712833889186,127985200,-0.006507564338875671,49.073655700683595,45.41256950378418,1
2019-05-03,50.50324630737305,50.52471080427624,50.140719033888494,50.29813262307989,83569600,0.012431091432483665,49.26183586120605,45.60666397094727,0
2019-05-06,49.72334671020508,49.809208354157676,48.53559700159812,48.72401368842716,129772400,-0.015442563680388766,49.35604667663574,45.77604965209961,0
2019-05-07,48.382957458496094,49.47053592258207,47.898794270662066,49.1032410915402,155054800,-0.026956939554390158,49.24585876464844,45.91261726379395,1
2019-05-08,48.392494201660156,48.974444953507046,48.11821586434312,48.153990033807155,105358000,0.00019710955396323726,49.14425544738769,46.048898696899414,0
2019-05-09,47.872554779052734,48.10151673222708,46.90422848199932,47.796231701804864,139634400,-0.010744216250576866,49.03549766540527,46.172205505371096,0
2019-05-10,47.20934295654297,47.60918188331269,46.15349214662306,47.26680569139999,164834800,-0.013853696038799268,48.883792114257815,46.29045249938965,0
2019-05-13,44.46556091308594,45.365788479732885,43.77841929201786,44.94201315243579,229722400,-0.05811947109670068,48.45031547546387,46.34514236450195,1
2019-05-14,45.169464111328125,45.4184619831724,44.39134073852921,44.63076331477503,146118800,0.015830300659381402,48.18120002746582,46.4097127532959,1
2019-05-15,45.7105598449707,45.90928103046059,44.53739063067478,44.59724627738985,106178800,0.011979237396063658,47.7312671661377,46.48663116455078,0
2019-05-16,45.50946044921875,46.081680470520816,45.21257503042482,45.46875903470102,132125600,-0.004399407848733161,47.29389877319336,46.564345626831056,0
2019-05-17,45.2508659362793,45.7057673600336,44.71455806184704,44.75525946053676,131516400,-0.005682214431612542,46.76866073608399,46.64652374267578,0
2019-05-20,43.83589553833008,44.13757043902362,43.16311842376751,43.938849185593746,154449200,-0.03126946564827582,46.17991561889649,46.69844696044922,1
2019-05-21,44.6762580871582,45.011448261831,44.2213529606178,44.345853734052945,113459200,0.01917064858623263,45.8092456817627,46.73860450744629,0
2019-05-22,43.76166915893555,44.4631793828225,43.70660297552515,44.2117848841149,118994400,-0.020471475619967983,45.34616317749023,46.75088226318359,0
2019-05-23,43.01466751098633,43.22535692609775,42.571734215795686,43.048186530660814,146118800,-0.017069770470505286,44.860374450683594,46.74440391540527,0
2019-05-24,42.849464416503906,43.608433644945144,42.76566504244201,43.143953201217286,94858800,-0.003840622374687186,44.42438659667969,46.724985961914065,0
2019-05-28,42.67228698730469,43.237324443115924,42.595673658588964,42.83748915813703,111792800,-0.004134880834846033,44.245059204101565,46.690623931884765,0
2019-05-29,42.468772888183594,42.94043560172765,42.13836860168317,42.23892563381413,113924800,-0.004769233464839595,43.97499008178711,46.64312850952148,1
2019-05-30,42.689048767089844,42.91171002345526,42.29878877414538,42.60524939880032,84873600,0.0051867728668830715,43.67283897399902,46.60714584350586,0
2019-05-31,41.915714263916016,42.614827782966735,41.89656001846683,42.193441689682246,108174400,-0.01811552436769248,43.31346435546875,46.54792129516601,0
2019-06-03,41.49193572998047,42.59806693078556,40.76648557188118,42.042608419661796,161584400,-0.010110254384961381,42.937571334838864,46.44716453552246,1
2019-06-04,43.009883880615234,43.05537476777668,41.78404110502101,42.00430950042937,123872000,0.03658417289839666,42.854970169067386,46.396037826538084,1
2019-06-05,43.70419692993164,44.29078518409569,43.36900677323679,44.120793541794136,119093600,0.016143104483696158,42.75776405334473,46.369816284179684,1
2019-06-06,44.345848083496094,44.40570372515362,43.61081905035835,43.83348393703956,90105200,0.01468168273617243,42.81618194580078,46.36572937011719,1
2019-06-07,45.526206970214844,45.94998600483363,44.477538442467015,44.65470883240894,122737600,0.026617122858859865,43.06733589172363,46.37723602294922,1
2019-06-10,46.10800552368164,46.77599298149099,45.87815821635535,45.92364909565006,104883600,0.012779420737761837,43.39319000244141,46.399186248779294,1
2019-06-11,46.641910552978516,46.92682399749105,46.3522112874126,46.65388241220901,107731600,0.01157944316248205,43.790152359008786,46.42594741821289,0
2019-06-12,46.49348068237305,46.919652667642254,46.301941849451076,46.436017936506644,73012800,-0.00318232827184195,44.192623138427734,46.44358642578125,0
2019-06-13,46.483890533447266,47.11596597251329,46.35221104250315,46.61557367768987,86698400,-0.0002062686807919878,44.57210731506348,46.44777282714844,0
2019-06-14,46.14632034301758,46.34982739236637,45.56212852455843,45.86140682062975,75046000,-0.007262089867172139,44.995167922973636,46.43886367797852,1
2019-06-17,46.4216423034668,46.67782620889428,46.009835187677666,46.1846126421805,58676400,0.005966282000442913,45.488138580322264,46.43383903503418,1
2019-06-18,47.513404846191406,47.953941466307896,46.737678113659804,46.938792181108866,106204000,0.023518395484320775,45.93849067687988,46.444400787353516,0
2019-06-19,47.374549865722656,47.85579164174734,47.240473790931375,47.8079041979227,84496800,-0.0029224380134037498,46.30552597045899,46.4373983001709,1
2019-06-20,47.75523376464844,48.03056829541135,47.41285754434342,47.97310555578911,86056000,0.00803562039121819,46.64646453857422,46.44087165832519,0
2019-06-21,47.59241485595703,48.088021294905,47.441577478312304,47.59720432994686,191202400,-0.0034094463759475335,46.853085327148435,46.435745849609376,0
2019-06-24,47.54454803466797,47.92283624223558,47.44638387600242,47.53496908327158,72881600,-0.0010057657598155911,46.99673957824707,46.43762893676758,0
2019-06-25,46.823883056640625,47.707349446417524,46.75684136270738,47.50862823550264,84281200,-0.015157678594438617,47.01493682861328,46.42548027038574,1
2019-06-26,47.836647033691406,48.12156057668087,47.250062261636515,47.35061933799166,104270000,0.02162921806005902,47.14925346374512,46.43186981201172,0
2019-06-27,47.82227325439453,48.26041706742118,47.78157184924549,47.953952766753574,83598800,-0.0003004763123709564,47.28309173583985,46.43787620544433,0
2019-06-28,47.38651657104492,47.764804685647896,47.17822009560668,47.568476416564636,124442400,-0.009112002707014066,47.40711135864258,46.416659622192384,1
2019-07-01,48.255619049072266,48.959521979698415,48.04013654706308,48.64348243807098,109012000,0.01834071252577374,47.590509033203126,46.40934310913086,1
2019-07-02,48.53813934326172,48.63391056866705,48.2101315728329,48.2221034326709,67740800,0.005854661068634304,47.69298248291015,46.40448112487793,1
2019-07-03,48.94037628173828,48.94755866772957,48.528569102842056,48.6698275650695,45448000,0.00828702838466766,47.84956512451172,46.39359191894531,0
2019-07-05,48.897281646728516,49.10079233915633,48.57884911730465,48.68659222111898,69062000,-0.0008805538143327185,47.96376991271973,46.38336700439453,0
2019-07-08,47.889312744140625,48.21971347045251,47.5038421856941,48.07845500360109,101354400,-0.02061400692722004,47.993459701538086,46.3619506072998,1
2019-07-09,48.181400299072266,48.24604176393507,47.59960154221708,47.69297620031747,82312000,0.006099222106029867,48.05714492797851,46.3510506439209,1
2019-07-10,48.657867431640625,48.77757876474736,48.25803201746012,48.32746663651,71588400,0.00988902625516963,48.240543365478516,46.3482014465332,0
2019-07-11,48.30350875854492,48.93558426605638,48.29393346215335,48.677007423897294,80767200,-0.007282659347813358,48.28722953796387,46.35705924987793,1
2019-07-12,48.674617767333984,48.84221286513295,48.41125143272195,48.47110708574294,70380800,0.007682858208999388,48.37246398925781,46.32635383605957,1
2019-07-15,49.131919860839844,49.289936021261454,48.84221686901794,48.86376402908005,67789600,0.009395083402437221,48.547004318237306,46.31132934570312,0
2019-07-16,48.96192169189453,49.34739222396268,48.72249909193417,48.98346884909922,67467200,-0.0034600351345278613,48.61763458251953,46.28050285339356,0
2019-07-17,48.68659591674805,49.103188977468086,48.66744166691155,48.854191036192866,56430000,-0.005623263255046251,48.632480239868165,46.259767837524414,1
2019-07-18,49.239646911621094,49.29232016959373,48.770377064219026,48.842204566299756,74162400,0.011359409801801279,48.662407302856444,46.27690162658691,0
2019-07-19,48.50461959838867,49.44076276284486,48.44955342792026,49.27077112361806,83717200,-0.014927550446324322,48.62314109802246,46.27914413452149,1
2019-07-22,49.6131591796875,49.615552090872,48.74884331314436,48.758418611181895,89111600,0.02285430935192112,48.79552574157715,46.31395622253418,1
2019-07-23,50.001014709472656,50.017776044989866,49.62990895028045,49.91003660607573,73420800,0.007817593884324792,48.97748718261719,46.369789657592776,0
2019-07-24,49.96030807495117,50.07522988754015,49.60117421397442,49.720885500966666,59966400,-0.0008141161686019416,49.10773124694824,46.479684600830076,0
2019-07-25,49.56526565551758,50.09678409812618,49.4958310584991,50.01298473022078,55638400,-0.007907125369222001,49.23390693664551,46.567600631713866,1
2019-07-26,49.7376594543457,50.21410815935007,49.59400441218691,49.6754072312038,70475600,0.003478117115850443,49.34021110534668,46.648142623901364,1
2019-07-29,50.202125549316406,50.4319728369032,49.90524388391939,49.910033358512514,86693600,0.009338318289726422,49.447231674194335,46.74199592590332,0
2019-07-30,49.986656188964844,50.31706058603145,49.634704632080684,49.981866713461145,135742800,-0.00429203660191424,49.54970512390137,46.836711730957035,1
2019-07-31,51.006591796875,53.00098259885539,50.58999878893159,51.81584139677293,277125600,0.02040415754265479,49.78170471191406,46.98012565612793,0
2019-08-01,49.902854919433594,52.20131353212769,49.4982337605151,51.21249694274107,216071600,-0.0216391026837639,49.848025512695315,47.08465759277344,0
2019-08-02,48.84700012207031,49.42400581448253,48.274780251307064,49.20852693471187,163448400,-0.021158204256408242,49.882263565063475,47.18636421203613,0
2019-08-05,46.28997039794922,47.561303978461524,46.108010514374186,47.40328781920137,209572000,-0.052347733079431524,49.549944686889646,47.25187026977539,1
2019-08-06,47.1662483215332,47.42243223605077,46.45755587635723,47.001046156589894,143299200,0.01893018975926597,49.2664680480957,47.33820594787598,1
2019-08-07,47.65467834472656,47.77917913440648,46.404895585633525,46.78557668796127,133457600,0.01035549870033603,49.035905075073245,47.437853775024415,1
2019-08-08,48.70573425292969,48.72967797252302,47.73846862611717,47.932400333607646,108038000,0.02205567102142525,48.94995193481445,47.56259300231934,0
2019-08-09,48.30438232421875,48.729767784636486,47.89581454791173,48.37888473817284,98478800,-0.008240342433330494,48.806624221801755,47.674899673461915,0
2019-08-12,48.181819915771484,48.5591433982837,47.86217750716622,47.97513398491319,89927600,-0.0025372937723253663,48.604593658447264,47.80022178649902,1
2019-08-13,50.22224044799805,50.984093390193046,48.18181792423024,48.311599418361524,188874000,0.0423483491448331,48.62815208435059,47.97482788085937,0
2019-08-14,48.72737121582031,49.61419794208263,48.68891716975622,48.825908333667165,146189600,-0.029765084529145502,48.40023002624512,48.08917762756348,0
2019-08-15,48.48463821411133,49.30176654519396,47.98714860628682,48.898010052333305,108909600,-0.00498145078735901,48.25840835571289,48.18478645324707,1
2019-08-16,49.62861251831055,49.78723269268097,48.98932781591775,49.09507459883136,110481600,0.023594572349851406,48.33656959533691,48.29044174194336,1
2019-08-19,50.55390167236328,51.125890062869516,50.47699357474702,50.61878875414958,97654400,0.018644268036132283,48.76296272277832,48.39099563598633,1
2019-08-20,50.556297302246094,51.274892121646914,50.54668562484565,50.68127111152873,107537200,4.7387635841333875e-05,49.10196762084961,48.479961471557615,1
2019-08-21,51.10426330566406,51.346997623585295,50.85431931166854,51.18838108277088,86141600,0.010838728954812638,49.44692611694336,48.56920852661133,0
2019-08-22,51.06099319458008,51.53685003904177,50.65002341946824,51.23643471626912,89014800,-0.0008467025701002218,49.682452011108396,48.66055877685547,0
2019-08-23,48.700931549072266,50.96245911325128,48.306786768888905,50.33278606566632,187272000,-0.04622044143391879,49.72210693359375,48.704899597167966,1
2019-08-26,49.62620544433594,49.79443727851556,49.28252843498855,49.474794959984806,104174400,0.018999100547621772,49.86654548645019,48.77449729919434,0
2019-08-27,49.06624221801758,50.1213008461803,48.91483169869876,49.955470975912974,103493200,-0.011283619638145614,49.75094566345215,48.827389297485354,1
2019-08-28,49.39548873901367,49.441152454824554,48.86435650196321,49.0518153700021,63755200,0.00671024529518971,49.81775741577148,48.865030975341796,1
2019-08-29,50.231849670410156,50.306355759343454,49.667070999812736,50.109281524994124,83962000,0.016931929468609663,49.99247856140137,48.92217697143555,0
2019-08-30,50.16696548461914,50.57793166287148,49.79685169001332,50.508236909621736,84573600,-0.0012916941386141856,50.04631385803223,48.97041160583496,0
2019-09-03,49.43635177612305,49.743976816789676,49.08066101044846,49.61179332263298,80092000,-0.014563641660169657,49.9345588684082,49.00729034423828,1
2019-09-04,50.27511978149414,50.344814542362265,49.82569950609764,50.0828531875686,76752400,0.01696662426000861,49.906441116333006,49.0619017791748,1
2019-09-05,51.25807189941406,51.42390177073253,50.83268270783798,50.950446853296846,95654800,0.019551462476708803,49.921821975708006,49.15058555603027,0
2019-09-06,51.25325012207031,51.532036389387336,51.07300094931551,51.44311463765885,77449200,-9.406864450955954e-05,49.94104766845703,49.21891761779785,1
2019-09-09,51.47196960449219,52.01752496664898,50.72694165520818,51.63299180966499,109237600,0.004267426590527368,50.21815147399902,49.2919115447998,1
2019-09-10,52.080013275146484,52.099240300905784,50.88075733924921,51.3974703630022,127111600,0.011813102846587542,50.463532257080075,49.38578147888184,1
2019-09-11,53.735897064208984,53.764739433347756,52.32754966606249,52.40926543357923,177158400,0.03179499552571574,50.93049774169922,49.49538703918457,0
2019-09-12,53.615718841552734,54.41602564529335,53.56044345285348,54.026688587811584,128906800,-0.002236460712894517,51.35252075195312,49.596938629150394,0
2019-09-13,52.57268142700195,53.06295761966519,52.156907647555165,52.87309674944196,159053200,-0.01945394815339896,51.5866039276123,49.66958473205566,1
2019-09-16,52.849056243896484,52.904335297514336,52.28667970226771,52.32753574156428,84632400,0.005257004386931996,51.85481300354004,49.748620223999026,1
2019-09-17,53.04133224487305,53.07017461149301,52.66160681112901,52.86348870875079,73274800,0.0036382106823102944,52.21531105041504,49.851660614013674,1
2019-09-18,53.538818359375,53.558045380154766,52.73851149691622,53.12784858296348,101360000,0.009379216046181416,52.541680908203126,49.958808975219725,0
2019-09-19,53.103816986083984,53.77674437024011,52.96201816775611,53.35616292155293,88242400,-0.008124971499578248,52.72625541687012,50.04772796630859,0
2019-09-20,52.327545166015625,53.48835049337496,52.2650600947515,53.20476016935374,221652400,-0.014618004206209623,52.83368492126465,50.12820869445801,1
2019-09-23,52.56547927856445,52.83465027251121,52.30832196549194,52.620754678997145,76662000,0.0045470146133159695,52.94303588867187,50.20602592468262,0
2019-09-24,52.315521240234375,53.47152241710132,52.19776078738406,53.12063572645369,124763200,-0.004755174722282152,52.966586685180665,50.269697952270505,1
2019-09-25,53.12063980102539,53.2335962580172,52.1857474445808,52.52461681555622,87613600,0.015389669102098491,52.90506095886231,50.35287231445312,0
2019-09-26,52.84664535522461,53.098994889319705,52.59189381940263,52.873082042933206,75334000,-0.00515796584580086,52.82815361022949,50.436073303222656,0
2019-09-27,52.58952331542969,53.103834365744994,52.219409465834886,53.00289155790612,101408000,-0.004865437305747622,52.829837799072266,50.50307083129883,1
2019-09-30,53.82722091674805,53.973823753885995,53.06296236123528,53.08939905865949,103909600,0.023535060279871844,52.92765426635742,50.609522857666015,1
2019-10-01,53.976234436035156,54.84864192414011,53.882504978673644,54.091596589080204,139223200,0.0027683673195311176,53.021144485473634,50.69678436279297,0
2019-10-02,52.623165130615234,53.73349924871789,52.37561947318438,53.60852541852388,138449200,-0.025067871435592304,52.929579162597655,50.749227371215824,1
2019-10-03,53.07017135620117,53.103817725877704,51.70268021152755,52.49577373492866,114426000,0.008494476234495396,52.926214599609374,50.81142463684082,1
2019-10-04,54.557823181152344,54.673185302428074,53.80798772875578,54.228569169561645,138478800,0.02803178860995592,53.14924240112305,50.91127578735352,1
2019-10-07,54.569847106933594,55.25959957952468,54.27664143090137,54.3799862186076,122306000,0.00022038866435947213,53.349679183959964,51.007919540405275,0
2019-10-08,53.930564880371094,54.81018194958028,53.91374352685756,54.271839962271294,111820000,-0.011714935270201177,53.51118354797363,51.08248832702637,1
2019-10-09,54.5626335144043,54.74528471456468,54.22857181467111,54.5626335144043,74770400,0.011720044754496062,53.65538291931152,51.17400787353515,1
2019-10-10,55.29805374145508,55.38217150680817,54.62752828997779,54.77893513356194,113013600,0.013478459152024502,53.90052375793457,51.25983711242676,1
2019-10-11,56.768898010253906,57.11257146209531,55.83159977697895,55.985412312624774,166795600,0.026598481669458662,54.31846122741699,51.397157974243164,0
2019-10-14,56.68718719482422,57.230340623824226,56.39878912365614,56.454064534394746,96427600,-0.0014393588442552785,54.60445785522461,51.55396171569824,0
2019-10-15,56.554988861083984,57.11495979657442,56.449242080538056,56.812142470885,87360000,-0.002332067267438953,54.86233329772949,51.75926208496094,0
2019-10-16,56.32667922973633,56.535770821642835,56.045490882530835,56.086346932926865,73903200,-0.004036949453008476,55.2326847076416,51.942470703125,1
2019-10-17,56.54537582397461,56.754463724015515,56.12239235171388,56.49971210622329,67585200,0.003882646682334956,55.58020515441895,52.12028465270996,1
2019-10-18,56.81696319580078,57.09815156293575,56.30745619677068,56.379556624359665,97433600,0.0048029987928919216,55.80611915588379,52.28250923156738,1
2019-10-21,57.80230712890625,57.917669247282575,57.03565034507903,57.083716060812975,87247200,0.01734242517872353,56.12936515808106,52.47246772766113,0
2019-10-22,57.670143127441406,58.20848515863878,57.58842735440891,57.95854116803715,82293600,-0.002286483153174146,56.503322982788085,52.662234191894534,1
2019-10-23,58.444007873535156,58.458430892193235,57.97295861174259,58.1844522125686,75828800,0.01341881091544428,56.89146041870117,52.82666954040528,1
2019-10-24,58.54014587402344,58.83335159243042,58.114756648600185,58.76365316728542,69275200,0.0016449590640037481,57.21566963195801,53.02292503356934,1
2019-10-25,59.261138916015625,59.29718729410837,58.37191014032259,58.43920289088229,73477200,0.012316215329284397,57.46489372253418,53.238455047607424,1
2019-10-28,59.85474395751953,59.90280967116192,59.29476940899745,59.46300124033525,96572800,0.010016767351453737,57.78164939880371,53.4429776763916,0
2019-10-29,58.470436096191406,60.022984167085156,58.29740023636161,59.83552529068843,142839600,-0.023127788539378025,57.97319412231445,53.60130836486817,0
2019-10-30,58.46323013305664,58.953510046434744,57.97055188420088,58.82372855934893,124522000,-0.0001232411388707444,58.186849212646486,53.75944702148438,1
2019-10-31,59.78505325317383,59.883590362494004,57.02123219032763,59.4197508487146,139162000,0.022609478078936984,58.510816955566405,53.93306282043457,1
2019-11-01,61.481807708740234,61.508240739941634,59.881193789695324,59.972517565501164,151125200,0.028380914011753022,58.97730140686035,54.141479110717775,1
2019-11-04,61.88557434082031,61.969692122330436,61.376070979939215,61.84471461802034,103272000,0.006567253747528978,59.385628128051756,54.405171966552736,0
2019-11-05,61.79663848876953,62.0513901112309,61.60196993451809,61.777407799701365,79897600,-0.0014371015054491787,59.79827766418457,54.648580627441405,1
2019-11-06,61.82307815551758,61.883161230177926,61.37365793055572,61.710121681781736,75864400,0.00042784959497188524,60.13618469238281,54.90371734619141,1
2019-11-07,62.536582946777344,62.75835567028647,62.218390178586034,62.370255243239974,94940400,0.011541075154247737,60.5358283996582,55.16653923034668,1
2019-11-08,62.70774841308594,62.78006162131691,61.914679233049654,62.35821740841793,69986400,0.002737045393961912,60.880489349365234,55.4160572052002,1
2019-11-11,63.204315185546875,63.269397069308496,62.259380964786935,62.26419939293928,81821200,0.007918746646583763,61.21544647216797,55.67680419921875,0
2019-11-12,63.14644241333008,63.346521158465045,62.89575179355254,63.047609486611634,87388800,-0.0009156459024498576,61.68304710388183,55.95100601196289,1
2019-11-13,63.751487731933594,63.826213808473085,62.93190642524509,62.94636906222842,102734400,0.009581621631875148,62.21187286376953,56.22053337097168,0
2019-11-14,63.31038284301758,63.85034108012296,63.18021171215137,63.577949069175574,89182800,-0.006919130903592419,62.564405822753905,56.46157958984375,1
2019-11-15,64.06246948242188,64.06728791082074,63.39957143680535,63.56107338652864,100206400,0.011879356996926438,62.82247200012207,56.71776397705078,1
2019-11-18,64.38545227050781,64.4649967640047,63.69362924762607,64.07207801003676,86703200,0.005041684947449054,63.07245979309082,56.97603363037109,0
2019-11-19,64.19022369384766,64.60242366565966,63.97327672744023,64.5783168124191,76167200,-0.0030321845972274275,63.311818313598636,57.21823783874512,0
2019-11-20,63.44295120239258,64.13959286996739,62.770409030092004,64.00942911252466,106234400,-0.011641531193584242,63.473805618286136,57.41237892150879,0
2019-11-21,63.15850830078125,63.64061589932131,62.95842952781536,63.56347691802414,121395200,-0.004483443727324565,63.53599815368652,57.60323471069336,0
2019-11-22,63.103065490722656,63.44053935025517,62.87647432295545,63.298318486465696,65325200,-0.0008778359646266498,63.57552986145019,57.813842391967775,1
2019-11-25,64.20950317382812,64.22637870631682,63.2814445198713,63.327245332981434,84020400,0.01753381827810152,63.67604866027832,58.041051330566404,0
2019-11-26,63.70811080932617,64.39993403773599,63.27662244789559,64.34690190752454,105207600,-0.007808694036217423,63.73221549987793,58.25438690185547,1
2019-11-27,64.56383514404297,64.59758619990868,63.95396945432318,64.0190513181514,65235600,0.013431952758384602,63.813450241088866,58.47488723754883,0
2019-11-29,64.421630859375,64.60242121725912,64.09620674390789,64.2649473538178,46617600,-0.0022025377574103056,63.92457504272461,58.701243515014646,0
2019-12-02,63.67676544189453,64.6626744888947,63.505619323163444,64.42643914349124,94487200,-0.0115623495950673,63.88600463867188,58.92822792053223,0
2019-12-03,62.541419982910156,62.560701052764436,61.77968898703024,62.26661508192712,114430400,-0.017829823030511616,63.70160140991211,59.12774673461914,1
2019-12-04,63.09343719482422,63.47189353394653,62.83792068269356,62.93193522248252,67181600,0.00882642594403693,63.591922760009766,59.343305053710935,1
2019-12-05,64.01907348632812,64.09380694214096,63.332075950010655,63.58759242350244,74424400,0.014670880723230528,63.64953498840332,59.56127372741699,1
2019-12-06,65.25566864013672,65.32557629817515,64.43367434343493,64.47706961595611,106075600,0.019316042648956477,63.85925102233887,59.809454193115236,0
2019-12-09,64.34210205078125,65.2773848846026,63.8575814192928,65.08454473165352,128042400,-0.013999804283570838,63.983154678344725,60.044505767822265,1
2019-12-10,64.7181396484375,65.10141438333517,64.08657238840084,64.74706493312719,90420400,0.005844347412825801,64.03401832580566,60.26232414245605,1
2019-12-11,65.2701416015625,65.34969348345126,64.7229520666511,64.79767816395331,78756800,0.00852932355787095,64.19022140502929,60.488202285766604,1
2019-12-12,65.43649291992188,65.70165369451242,64.4385335491304,64.54941628891132,137310400,0.0025486587630658697,64.2774871826172,60.74446884155273,1
2019-12-13,66.32595825195312,66.3621148543044,65.3087108196568,65.43646905221725,133587600,0.01359280261428042,64.467919921875,61.00958457946777,1
2019-12-16,67.46131896972656,67.68550461462198,66.76709014300219,66.77190857113695,128186000,0.01711789392413343,64.8463752746582,61.267654495239256,1
2019-12-17,67.59391784667969,67.92174758501162,67.20581728332861,67.3914334748193,114158400,0.001965554172052686,65.35162506103515,61.52813591003418,0
2019-12-18,67.43240356445312,67.95308077804,67.28295135021965,67.44686620735443,116028400,-0.0023894795178601713,65.78552169799805,61.79817268371582,1
2019-12-19,67.49990844726562,67.77953184581898,67.24198637269039,67.3745630712442,98369200,0.0010010748430162586,66.1336051940918,62.056918182373046,0
2019-12-20,67.36007690429688,68.13385757058333,67.14794837558046,68.03261909048223,275978000,-0.002071581224113661,66.34404602050782,62.29815864562988,1
2019-12-23,68.45926666259766,68.51953010156122,67.58424035182655,67.62280983552844,98572000,0.01631811911174741,66.75576248168946,62.531966018676755,1
2019-12-24,68.52436828613281,68.6738278372129,68.19895150700309,68.62561412958978,48478800,0.0009509541470260618,67.13638534545899,62.76870964050293,1
2019-12-26,69.88391876220703,69.9007942963268,68.62803033131719,68.65695561473434,93121200,0.019840394155802077,67.59776306152344,63.03528823852539,0
2019-12-27,69.8573989868164,70.86259672343512,69.45243030638008,70.17559181703608,146266000,-0.0003794832324853781,68.03985366821288,63.30590263366699,1
2019-12-30,70.2719955444336,70.55403170483157,68.75335966764395,69.77542534439749,144114400,0.005934898287516033,68.43445739746093,63.580435028076174,1
2019-12-31,70.78544616699219,70.79267748666231,69.78989280626304,69.88872574600676,100805600,0.007306617929099923,68.7668701171875,63.8598046875,1
2020-01-02,72.40050506591797,72.46076851156026,71.15666666509587,71.40977019424241,135480400,0.02281625653832342,69.24752883911133,64.15176864624023,0
2020-01-03,71.6966552734375,72.45597354015936,71.47247692584565,71.62916047987068,146322800,-0.009721614398126688,69.67395401000977,64.43229888916015,1
2020-01-06,72.2679443359375,72.30651383633005,70.56851756430221,70.81921563866376,118387200,0.007968141056527767,70.15075759887695,64.7087776184082,0
2020-01-07,71.92805480957031,72.53309491165653,71.70869494472285,72.2775784441153,108872000,-0.004703185201826332,70.6075553894043,64.97653579711914,1
2020-01-08,73.08509063720703,73.38640783949229,71.63153674763797,71.63153674763797,132079200,0.016086015820947486,71.07013778686523,65.25301483154297,1
2020-01-09,74.63748168945312,74.83032176731344,73.81066900497032,74.06135963491325,170108400,0.02124087195775859,71.68144912719727,65.54866958618165,1
2020-01-10,74.80623626708984,75.370308736383,74.30484750773756,74.87132551313572,140644800,0.0022609897040586358,72.17368087768554,65.8753855895996,1
2020-01-13,76.40443420410156,76.43095395568463,75.00391177805751,75.12203317921409,121532000,0.021364501367312272,72.82838439941406,66.23420967102051,0
2020-01-14,75.3727035522461,76.55146021431688,75.24977111147209,76.34174457661803,161954400,-0.0135035441673369,73.33845520019531,66.54596267700195,0
2020-01-15,75.04969024658203,76.05247495120804,74.61820187883205,75.17263004032235,121923600,-0.004285547558210645,73.7648796081543,66.8173203277588,1
2020-01-16,75.98980712890625,76.10069718746519,75.23048903454546,75.5920697800867,108829200,0.012526592438095063,74.12380981445312,67.09940498352051,1
2020-01-17,76.83108520507812,76.83349074089385,75.93195182564011,76.23808752279956,137816400,0.011070933167980801,74.63725280761719,67.40009391784668,0
2020-01-21,76.3104019165039,76.90097930249982,76.17299948734095,76.45985409290795,110843200,-0.00677698729862275,75.04149856567383,67.6898403930664,1
2020-01-22,76.58280181884766,77.13480977194556,76.48878729766383,76.79492300181599,101832400,0.003569630030802351,75.50697326660156,67.97076477050781,1
2020-01-23,76.9516372680664,77.03118181631818,76.08866020754519,76.63585725528034,104472000,0.004816165515740822,75.8936279296875,68.25564254760742,0
2020-01-24,76.72984313964844,77.93993070377184,76.53940855639385,77.19748815287878,146537600,-0.002882253533415202,76.10286407470703,68.52615310668945,0
2020-01-27,74.47358703613281,75.15335327614349,73.49249613883003,74.74115326828117,161940000,-0.02940519635116723,76.06959915161133,68.7526959991455,1
2020-01-28,76.58036804199219,76.75151414831822,75.25457238901554,75.35340531136629,162234000,0.028288969146030407,76.08719253540039,69.00927360534668,1
2020-01-29,78.18341064453125,79.02951207503841,77.46989325521864,78.20993039532226,216229200,0.020932814029570146,76.3682632446289,69.30673416137695,0
2020-01-30,78.07008361816406,78.12311574202653,76.83588948795824,77.26737779773116,126743200,-0.0014495022081146836,76.67030258178711,69.5868864440918,0
2020-01-31,74.60855865478516,77.78323285410741,74.31447274556798,77.36138873428479,199588400,-0.044338686510302816,76.532177734375,69.79134857177735,0
2020-02-03,74.4036865234375,75.56797344941275,72.8512990512171,73.3526878513845,173788400,-0.0027459601826058666,76.28943786621093,69.99561782836913,1
2020-02-04,76.8600082397461,77.05044280806926,75.60170706629567,76.00667569866678,136616400,0.03301344101457726,76.34439849853516,70.26395896911622,1
2020-02-05,77.48676300048828,78.28465065522497,76.88412837567931,77.98573887898152,118826800,0.008154497704283115,76.43479461669922,70.55052406311034,1
2020-02-06,78.39312744140625,78.39554033416145,77.19991519206019,77.75674904636442,105425600,0.011697022895539755,76.57894363403321,70.85632530212402,0
2020-02-07,77.32756042480469,78.1418387801139,76.83705999088563,77.89296432100895,117684000,-0.01359260755858993,76.63871536254882,71.11868644714356,1
2020-02-10,77.6948013305664,77.6948013305664,75.83428641741939,75.91401971596468,109348800,0.00474915933910558,76.9608367919922,71.39842025756836,0
2020-02-11,77.22604370117188,78.26262078747321,77.00858188468877,78.19013597325772,94323200,-0.006033320394245201,77.02540435791016,71.65166442871094,1
2020-02-12,79.05999755859375,79.06482742202022,77.67547849475221,77.67547849475221,113730400,0.023747867552537105,77.11306304931641,71.94443176269532,0
2020-02-13,78.49700927734375,78.82320573508036,78.12974054369347,78.3327054260137,94747600,-0.007121025785926105,77.15575561523437,72.2408366394043,1
2020-02-14,78.51634216308594,78.7652165546687,78.00892627887556,78.4655954129786,80113600,0.0002462881824436547,77.54653396606446,72.56033508300781,0
2020-02-18,77.07865142822266,77.25987082813228,76.01791033464364,76.19912973455325,152531200,-0.01831071972096021,77.81403045654297,72.84003936767579,1
2020-02-19,78.19497680664062,78.4245243735885,77.32029218115534,77.32029218115534,93984000,0.014482938631295461,77.94752731323243,73.12355743408203,0
2020-02-20,77.39276885986328,78.44384294584167,76.88777163956716,77.95576130740083,100566000,-0.01025907263533088,77.93812789916993,73.36629943847656,0
2020-02-21,75.64098358154297,77.42902110600791,75.02484049800245,76.98684158821678,129554000,-0.02263499942084135,77.6629135131836,73.5922770690918,0
2020-02-24,72.04804229736328,73.49779836551845,69.88549392000289,71.8257504962636,222195200,-0.04749992813494286,77.13496170043945,73.73887512207031,0
2020-02-25,69.60758972167969,73.09908711151304,69.13642361597664,72.71732141374063,230673600,-0.03387257304801061,76.32624053955078,73.82562408447265,1
2020-02-26,70.7118148803711,71.9755209333374,69.22581713906433,69.23306562077462,198054800,0.0158635741175146,75.6748176574707,73.93113052368165,0
2020-02-27,66.0895004272461,69.10499371673924,65.95419053994536,67.9210285159399,320605600,-0.06536834701449745,74.37776794433594,73.9264013671875,0
2020-02-28,66.05086517333984,67.27108062705318,61.94564270332902,62.16069333508348,426510000,-0.0005845898918358516,73.13315353393554,73.89819229125976,1
2020-03-02,72.20023345947266,72.83571074634416,67.10434419306169,68.20615768991611,341397200,0.0931004956558068,72.50154266357421,73.99031860351562,0
2020-03-03,69.90719604492188,73.45426192334152,69.05666829287019,73.37452863350472,319475600,-0.03175941828273876,71.78439712524414,74.039814453125,1
2020-03-04,73.14983367919922,73.30930768219956,70.82781196815235,71.62759322830975,219178400,0.046384890508176735,71.2798828125,74.15281295776367,0
2020-03-05,70.77706909179688,72.37904277817594,70.41221158595323,71.40529059680607,187572800,-0.03243704692218674,70.61831283569336,74.22115280151367,0
2020-03-06,69.83712005615234,70.26963239805877,67.95244135070753,68.1384906030925,226176800,-0.013280417622626217,70.0379264831543,74.24870986938477,0
2020-03-09,64.31358337402344,67.19376061426469,63.54762585590985,63.72884532127841,286744800,-0.07909170191565351,69.26448059082031,74.16449417114258,1
2020-03-10,68.94554901123047,69.21133903609883,65.08678222072572,66.96422060751131,285290000,0.07202157606845305,69.19827651977539,74.14572677612304,0
2020-03-11,66.551025390625,67.9500415324096,65.68841908631278,67.02461750309321,255598800,-0.034730648387692575,68.78219757080078,74.07959930419922,0
2020-03-12,59.97879409790039,65.23899079548863,59.923221175115486,61.84173134619349,418474000,-0.09875477130740706,68.1711269378662,73.87373527526856,1
2020-03-13,67.16476440429688,67.6359379478289,61.119282212065336,64.00430027982446,370732000,0.11980851590092301,68.28251686096192,73.80132164001465,0
2020-03-16,58.52421569824219,62.60044010140755,57.99022079286357,58.4613905994218,322423600,-0.1286470485334109,66.91491508483887,73.52379585266114,1
2020-03-17,61.09752655029297,62.24524591333619,57.60361433805932,59.804826482410455,324056000,0.043970018587161874,66.03394813537598,73.31181327819824,0
2020-03-18,59.601871490478516,60.40648633083556,57.294342975256725,57.93465394251518,300233600,-0.024479797207228815,64.67915191650391,73.05849182128907,0
2020-03-19,59.14519500732422,61.09269941838276,58.62086718026377,59.77583883377371,271857200,-0.007662116502956673,63.51596450805664,72.80283462524415,0
2020-03-20,55.390323638916016,60.84865193316744,55.090706190239764,59.725089265820536,401693200,-0.06348565370260795,62.07128486633301,72.44893928527831,0
2020-03-23,54.213600158691406,55.21151627155354,51.372080998658355,55.11003383943649,336752800,-0.021244206621639394,61.061286544799806,72.04046165466309,1
2020-03-24,59.6525993347168,59.84831571056435,56.61294527600062,57.1106940064076,287531200,0.10032536411720705,60.13199157714844,71.73738891601562,0
2020-03-25,59.3239860534668,62.39988241978959,59.02920219006361,60.58768835145107,303602000,-0.005508783940933015,59.40928764343262,71.39577995300293,1
2020-03-26,62.44579315185547,62.50378100355287,59.52695207272685,59.56561309847068,252087200,0.05262301652446433,59.65598754882812,71.13724174499512,0
2020-03-27,59.86040496826172,61.82482113234886,59.69368249851185,61.07094946417779,204216800,-0.041402119391879766,58.92555160522461,70.83345603942871,1
2020-03-30,61.56869888305664,61.74025490515105,60.2615017965214,60.5852833250574,167976400,0.028537961206588358,59.22999992370605,70.54503387451172,0
2020-03-31,61.44304656982422,63.4243781505614,60.88972489834924,61.75957958595021,197002000,-0.0020408473057240695,59.26455192565918,70.23727310180664,0
2020-04-01,58.21009826660156,60.09719601446135,57.78000444616135,59.560786204803335,176218400,-0.05261699221813021,59.12537460327148,69.8752670288086,1
2020-04-02,59.18142318725586,59.234581174164305,57.24116772585231,58.072361317237196,165934000,0.016686536349855396,59.12899742126465,69.52723945617676,0
2020-04-03,58.330909729003906,59.36748322353769,57.7413419398106,58.66676958439928,129880000,-0.014371291064779634,59.423056030273436,69.15482490539551,1
2020-04-06,63.4195556640625,63.574192418824516,60.25667324880632,60.62394199347429,201820400,0.08723755481784234,60.343651580810544,68.88861915588379,0
2020-04-07,62.68499755859375,65.64975169679985,62.58110020442296,65.43228251516715,202887200,-0.0115825173761821,60.64689140319824,68.652847366333,1
2020-04-08,64.28942108154297,64.60353188066507,63.119952317554805,63.4848025037082,168895200,0.025595016119279723,61.14343490600586,68.40702842712402,1
2020-04-09,64.75334167480469,65.25592782434815,63.958397538567084,64.92490142355433,161834800,0.007216126470843465,61.37418975830078,68.1384270477295,1
2020-04-13,66.0242919921875,66.13302662112467,64.23142416734326,64.83065918840516,131022800,0.019627563373726842,61.99057846069336,67.89751121520996,1
2020-04-14,69.35869598388672,69.64864994794841,67.18406337493083,67.65523672307218,194994800,0.05050268455879503,62.76957817077637,67.792513961792,0
2020-04-15,68.72565460205078,69.18474234820361,67.80747910974512,68.23515430833677,131154400,-0.009127065796955103,63.49783897399902,67.67895332336425,1
2020-04-16,69.271728515625,69.63658597716727,68.22307301485074,69.43845097329417,157125200,0.007945706981420608,64.60400199890137,67.52718772888184,0
2020-04-17,68.3318099975586,69.33456350529407,66.89655138464681,68.7884865443206,215250000,-0.013568573185731903,65.51904067993163,67.34408866882325,0
2020-04-20,66.91345977783203,68.06118282102301,66.89413295001411,67.15992291899424,130015200,-0.02075680740459296,66.37729568481446,67.11449531555176,0
2020-04-21,64.84512329101562,66.99076185690431,64.13474275571909,66.75638450513866,180991600,-0.030910619383361038,66.51985244750976,66.86484657287598,1
2020-04-22,66.71289825439453,67.14782183221747,65.77055891988769,66.11124487734209,116862400,0.028803630382451484,66.92264251708984,66.64520851135254,0
2020-04-23,66.45438385009766,68.07811050746528,66.41572281375096,66.65734876053877,124814400,-0.003875028833421168,67.1391387939453,66.42977531433105,1
2020-04-24,68.37287139892578,68.38253849821193,66.93036468813068,66.97869281072518,126161200,0.028869239885749076,67.50109176635742,66.21603279113769,1
2020-04-27,68.42122650146484,68.75225288764294,67.64319061344894,68.09019274144761,117087600,0.0007072264415652896,67.74078521728515,66.01451713562011,0
2020-04-28,67.3121566772461,69.06394488685403,67.2203450064915,68.88272541689459,112004800,-0.016209440855244006,67.5361312866211,65.79043342590332,1
2020-04-29,69.52302551269531,69.99178036647727,68.59518290617446,68.79814778505363,137280800,0.032845015589829885,67.61586837768554,65.63932090759278,1
2020-04-30,70.98968505859375,71.16607461666706,69.67282835408629,70.06184250590752,183064000,0.02109602588613768,67.78766403198242,65.49521507263184,0
2020-05-01,69.8468017578125,72.24614521202258,69.06876605288338,69.16541493960355,240616800,-0.01609928681664008,67.93916320800781,65.34429573059082,1
2020-05-04,70.83505249023438,70.96311392727311,69.1823321546666,69.87096747127923,133568000,0.014148832982339599,68.33132247924804,65.24817710876465,1
2020-05-05,71.89820098876953,72.72939466051092,71.1491592367676,71.2941362490643,147751200,0.01500879100332031,69.03663024902343,65.24518028259277,1
2020-05-06,72.63999938964844,73.27063948300304,72.21473542323028,72.59891973995855,142333600,0.010317343002709922,69.62934036254883,65.30582847595215,1
2020-05-07,73.39144897460938,73.73697961793019,72.96377378346223,73.26580616038919,115215200,0.010344845694864047,70.323046875,65.35942115783692,1
2020-05-08,75.13829040527344,75.19159229593362,73.72337622769179,74.05045567520663,133838400,0.023801702447221018,70.99958877563476,65.54039695739746,1
2020-05-11,76.32062530517578,76.81487118254181,74.43810496971201,74.64646961486733,145946400,0.01573545117309938,71.78952865600586,65.74579216003418,0
2020-05-12,75.44841003417969,77.45448798811958,75.32727004325628,77.00384337710936,162301200,-0.01142830352225832,72.60315399169922,65.81075569152831,0
2020-05-13,74.5374526977539,76.54838146254056,73.46172873051864,75.62771287585991,200622400,-0.012073910318495806,73.10459671020507,65.90336082458496,1
2020-05-14,74.99535369873047,75.05592369907653,73.05468852162736,73.77668558751988,158929200,0.006143233829486006,73.50516357421876,65.94027122497559,0
2020-05-15,74.55198669433594,74.59802049199271,72.73488645146278,72.76880920502032,166348400,-0.00591192630646975,73.97568206787109,66.01576957702636,1
2020-05-18,76.30850219726562,76.68161544536761,75.18432690881329,75.87482634655969,135178400,0.023560948283396055,74.52302703857421,66.14519721984863,0
2020-05-19,75.8675537109375,77.17101374486556,75.83605613168199,76.32545901161194,101729600,-0.005778497462684107,74.91996231079102,66.37627662658691,1
2020-05-20,77.34305572509766,77.41331160943199,76.68647152801736,76.72523721961544,111504800,0.01944839317980329,75.39026794433593,66.54422676086426,0
2020-05-21,76.76641845703125,77.74523171426733,76.52898139842385,77.20494465969075,102688800,-0.007455579077661034,75.72776489257812,66.74853462219238,1
2020-05-22,77.26068115234375,77.3430554740474,76.40300778879455,76.5047612593345,81803200,0.006438527486978707,75.94000396728515,67.09417236328125,0
2020-05-26,76.73735046386719,78.5568683167511,76.68162339962899,78.37758347481825,125522000,-0.006773570730558953,75.9816764831543,67.28562408447266,1
2020-05-27,77.0716781616211,77.21704762323688,75.85543536682479,76.59439371595593,112945200,0.004356779270237254,76.14400329589844,67.65657333374024,1
2020-05-28,77.1056137084961,78.36304756047794,76.47084126097369,76.74703662948228,133560800,0.0004403115085134246,76.40081939697265,67.97673507690429,0
2020-05-29,77.03047943115234,77.80819591494127,76.67432764803091,77.3478655392773,153532400,-0.0009744332964886082,76.60433197021484,68.32530723571777,1
2020-06-01,77.97781372070312,78.09895371175787,76.85363105469186,76.9844643152945,80791200,0.012298174651729665,76.94691467285156,68.70195960998535,1
2020-06-02,78.33882141113281,78.36305089208805,77.2703656270627,77.71131704152964,87642800,0.004629620570316684,77.14994659423829,69.16092956542968,1
2020-06-03,78.77007293701172,79.03173947926652,78.08684155798949,78.65862620653965,104491200,0.005504952948112818,77.4401985168457,69.65205902099609,0
2020-06-04,78.0916976928711,78.8912188000404,77.71858439241902,78.59321910796065,87560400,-0.008612093639713714,77.51506271362305,70.02084098815918,1
2020-06-05,80.3158187866211,80.37638878570603,78.31216587865904,78.34123829521202,137250400,0.028480890535858228,77.87000274658203,70.44067764282227,1
2020-06-08,80.79067993164062,80.82460267780965,79.30308470158906,80.01296326734492,95654400,0.005912423632026043,78.22300262451172,70.80757537841797,1
2020-06-09,83.3418960571289,83.7343884798814,80.43938634656227,80.47088393003234,147712400,0.031578099449675934,78.88345718383789,71.27720520019531,1
2020-06-10,85.48606872558594,85.95366732051313,83.85067883247099,84.28920501230608,166651600,0.025727428459118018,79.72489624023437,71.75555259704589,0
2020-06-11,81.3818359375,85.05480096655532,81.2800824962617,84.63081104253492,201662400,-0.04801054545227368,80.15251846313477,72.15432838439942,1
2020-06-12,82.08446502685547,84.26498513269779,80.97482582626513,83.51876594974783,200146000,0.008633733575328595,80.65791702270508,72.63181571960449,1
2020-06-15,83.09960174560547,83.75133543445982,80.57746645559173,80.73979728329574,138808800,0.012366977337525231,81.17009582519532,73.11017929077148,1
2020-06-16,85.30194854736328,85.5733083880593,83.51877109987304,85.15173611381705,165428800,0.02650249526465731,81.86640853881836,73.64960006713868,0
2020-06-17,85.18321990966797,86.10630607045023,85.06207991592963,86.04573607358105,114406400,-0.0013918631369761458,82.50772323608399,74.08487335205078,1
2020-06-18,85.21714782714844,85.6338697266432,84.60902265567091,85.13961645194037,96820400,0.0003982934375625913,83.22026824951172,74.53551635742187,0
2020-06-19,84.73016357421875,86.38735791979117,83.62294217777347,85.92218445110363,264476000,-0.005714627458753618,83.66170272827148,74.9443312072754,1
2020-06-22,86.94702911376953,87.08997343752344,85.07662707395669,85.12266086900618,135445200,0.0261638293381663,84.27733764648437,75.3882049560547,1
2020-06-23,88.80287170410156,90.22021092110661,87.77075672869731,88.18990371305667,212155600,0.021344519867420475,84.82343521118165,75.84377655029297,0
2020-06-24,87.2353286743164,89.35043555341034,86.86221543627708,88.4321923624518,192623200,-0.01765194075038856,84.99836120605468,76.20130920410156,1
2020-06-25,88.39342498779297,88.4321906709593,86.63205223537432,87.39038973838228,137522400,0.013275542501824944,85.69952011108398,76.59466461181641,0
2020-06-26,85.67749786376953,88.50975232569775,85.52970318400959,88.28927658625297,205256800,-0.030725442807522207,86.05882339477539,76.92277999877929,1
2020-06-29,87.65206909179688,87.74656185266537,85.10812877290344,85.58542072848591,130646000,0.023046555714862027,86.51407012939453,77.30918518066406,1
2020-06-30,88.38373565673828,88.66963165860406,87.22079468512266,87.24017383067029,140223200,0.008347396388043604,86.82224884033204,77.73859069824219,0
2020-07-01,88.21656799316406,89.00397799978875,88.16811642903573,88.46127316123845,110737200,-0.0018913849061942267,87.12558364868164,78.20601959228516,0
2020-07-02,88.21656799316406,89.75747265090347,88.10270349025298,89.12270022857078,114041600,0.0,87.4255256652832,78.63609298706055,1
2020-07-06,90.57635498046875,91.04395347948513,89.61207817951023,89.64357575399886,118655600,0.026749929644594106,88.0101448059082,79.11853240966796,0
2020-07-07,90.29531860351562,91.73203698734285,90.18387189252502,90.95432038842118,112424400,-0.003102756530815598,88.34497375488282,79.55698135375977,1
2020-07-08,92.39830780029297,92.42980537831811,91.18448282629508,91.27170745727221,117092000,0.023290124330935802,88.70451736450195,80.03652297973633,1
2020-07-09,92.795654296875,93.34320200495762,91.74900304495738,93.2899001154489,125642800,0.004300365515793159,89.26054992675782,80.5461929321289,1
2020-07-10,92.95797729492188,93.01612951561695,91.78050018746696,92.39104305128085,90257200,0.0017492521527739946,89.71700515747071,81.01489196777344,0
2020-07-13,92.52914428710938,96.8683794397454,92.31593673037001,94.26144459491981,191649200,-0.004613192114238607,90.40216979980468,81.44568115234375,1
2020-07-14,94.06034851074219,94.25174434945905,90.97854722279762,91.91131912379288,170989200,0.01654834523144011,91.04299774169922,81.92995208740234,1
2020-07-15,94.70726013183594,96.18274459430761,93.51039621887803,95.9331964647362,153198000,0.006877623050906223,91.67535018920898,82.40739624023438,0
2020-07-16,93.5418930053711,94.39714118909534,92.94346105400828,93.58065869622936,110577600,-0.01230493971468094,92.20788269042968,82.84027008056641,0
2020-07-17,93.3529052734375,94.14758336972574,92.8804563206502,93.99252801605422,92186800,-0.0020203539383444324,92.72151641845703,83.25452819824218,1
2020-07-20,95.32022857666016,95.45832996558929,93.09609971897889,93.4401406081673,90318000,0.02107404474943997,93.19590377807617,83.6931037902832,0
2020-07-21,94.00464630126953,96.185166447433,93.75509818029391,96.11006023390243,103433200,-0.013801711295022612,93.56683654785157,84.07043090820312,1
2020-07-22,94.26871490478516,94.94952104533722,93.61940634409747,93.7066235863698,89001600,0.0028091016125875168,93.75387725830078,84.42939270019531,0
2020-07-23,89.97795104980469,94.07974983333283,89.168736705882,94.00221845583387,197004400,-0.04551630792160788,93.47210693359375,84.71998352050781,0
2020-07-24,89.75505828857422,90.09909918615199,86.39221027249204,88.17782031323753,185438800,-0.002477193119313159,93.15181503295898,85.02433563232422,1
2020-07-27,91.88227081298828,91.97433840198715,90.59334674840196,90.81624022237884,121214000,0.023700196568028575,93.08712768554688,85.36207397460937,0
2020-07-28,90.37287902832031,91.63031301270213,90.36802869554506,91.45344592380489,103625600,-0.016427454081322068,92.71838073730468,85.67849182128906,1
2020-07-29,92.10517883300781,92.28931402530422,90.81867244089453,90.85501296732149,90329200,0.019168359172718752,92.45817260742187,85.99442535400391,1
2020-07-30,93.21965026855469,93.32382888856975,90.87195660039106,91.27898520449537,158130000,0.012099986663806073,92.42594833374024,86.34146728515626,1
2020-07-31,102.97866821289062,103.12888059333225,97.71149726674632,99.70788900875579,374336800,0.10468842048024607,93.38852462768554,86.8541795349121,1
2020-08-03,105.5735092163086,108.19013023936542,104.56078059833798,104.85878026409463,308151200,0.025197849694983177,94.41385269165039,87.43032135009766,1
2020-08-04,106.2785415649414,107.36880152265259,105.04048696818748,105.76248400195036,173071600,0.00667811796601625,95.64124221801758,88.01067855834961,1
2020-08-05,106.66375732421875,106.98356866072452,105.53473177113482,105.99991256912482,121776800,0.0036245864273736217,96.88074645996093,88.60920669555664,1
2020-08-06,110.38518524169922,110.87943850296628,106.40695185464003,106.99569046941184,202428800,0.03488933833606378,98.9214698791504,89.27547683715821,0
2020-08-07,107.87547302246094,110.36331995262405,107.07936230109387,109.90701123297559,198045600,-0.022735951511455244,100.73351135253907,89.8908740234375,1
2020-08-10,109.44343566894531,110.46041967667294,106.79539443179243,109.31964772784534,212403600,0.014534931829758069,102.48962783813477,90.53913314819336,0
2020-08-11,106.18860626220703,109.20557448641424,105.92889749318043,108.70800797992307,187902400,-0.029739832150224133,104.07120056152344,91.10334899902344,1
2020-08-12,109.71768951416016,109.97496869481039,107.08421110873276,107.27838155963288,165598000,0.033234104638673934,105.83245162963867,91.73092636108399,1
2020-08-13,111.6594467163086,112.66186835700262,110.60847874929773,111.09634192240293,210082000,0.017697758772962757,107.67643127441406,92.38871383666992,0
2020-08-14,111.55992126464844,111.64972529333073,109.75167818563322,111.4846796510428,165565200,-0.0008913303315304377,108.53455657958985,93.05807830810546,0
2020-08-17,111.26866912841797,112.70555595050736,110.64246299694389,112.68128278727484,119561600,-0.0026107237521219018,109.10407257080078,93.67713531494141,1
2020-08-18,112.19584655761719,112.62060097941455,110.68614768785797,111.02109807418744,105633600,0.008332780795006434,109.69580307006837,94.30523864746094,1
2020-08-19,112.33662414550781,113.74923783578949,112.24196843606359,112.60361413274605,145538000,0.0012547486579044254,110.26308975219726,94.88513320922851,1
2020-08-20,114.82933044433594,114.94340764743272,112.3608970952543,112.37788905057565,126907200,0.02218961374163575,110.70750427246094,95.47199844360351,1
2020-08-21,120.74675750732422,121.22976157375017,115.77591472831364,115.78804760558032,338054800,0.051532365817083425,111.99463272094727,96.259296875,1
2020-08-24,122.19094848632812,125.03316828342335,120.3268847573597,124.94820849286923,345937600,0.011960494913632047,113.26938400268554,97.06142654418946,0
2020-08-25,121.18851470947266,121.53317587987507,119.46765321039159,121.06473415847236,211495600,-0.0082038300649383,114.76937484741211,97.8232048034668,1
2020-08-26,122.83653259277344,123.29284131796702,121.4384815891383,122.5040117939391,163022400,0.01359879595233604,116.08125915527344,98.573896484375,0
2020-08-27,121.36812591552734,123.77102105443406,120.22492431150832,123.43850018201364,155552400,-0.011954152777286065,117.05212707519532,99.29759460449219,0
2020-08-28,121.17152404785156,122.75888676117691,120.94822130817289,122.3414135230096,187630000,-0.0016198805591891574,118.01328735351562,100.01668212890625,1
2020-08-31,125.28069305419922,127.18359922499916,122.32926337671675,123.86323528248487,225702700,0.03391200233418634,119.41448974609375,100.82769271850586,1
2020-09-01,130.27096557617188,130.87291336835037,126.72730590113318,128.89233580510103,151948100,0.03983273400166909,121.22200164794921,101.6941714477539,0
2020-09-02,127.57197570800781,133.96028524180616,123.3001648971193,133.58164753272405,200119000,-0.020718276372841626,122.74553680419922,102.46955352783203,0
2020-09-03,117.35844421386719,125.08654753719104,116.98951728236517,123.21278063679146,257599600,-0.0800609337392234,122.99844818115234,103.07201583862305,1
2020-09-04,117.43611145019531,120.09628586271513,107.65947772486805,116.57204011831335,332607200,0.0006617950403857709,122.66738357543946,103.6528695678711,0
2020-09-08,109.53325653076172,115.52350643380636,109.39733569135389,110.63033399373361,231366600,-0.0672949301696284,121.40161437988282,104.12998474121093,1
2020-09-09,113.90215301513672,115.66913123084257,111.90216871799983,113.8439033465614,176940500,0.039886484002673805,120.67297821044922,104.65498641967774,0
2020-09-10,110.18373107910156,116.98951312845449,109.22257449751976,116.85359229498353,182274400,-0.03264575635845102,119.40769805908204,105.090986328125,0
2020-09-11,108.73713684082031,111.87304145706314,106.7954022543771,111.23226548811466,180860300,-0.01312892769298879,118.14459915161133,105.50139770507812,1
2020-09-14,111.99928283691406,112.55267705241171,109.51386424199579,111.3779281881845,140150100,0.030000293284061508,117.22737503051758,105.97705200195313,1
2020-09-15,112.17401885986328,115.36817345414228,110.30024450538139,114.88273976030895,184642000,0.0015601530520839013,115.91670761108398,106.40900527954102,0
2020-09-16,108.86335754394531,112.62061700186764,108.77598303445264,111.8730523722857,154679000,-0.029513619549050074,113.77594680786133,106.78036605834961,0
2020-09-17,107.12549591064453,108.9313097079175,105.54298485481058,106.52356291630672,178011000,-0.01596369680770915,111.731298828125,107.07490982055664,0
2020-09-18,103.72745513916016,107.64975978247199,102.99930468969426,107.18374764280628,287104900,-0.03172018708150248,110.36819992065429,107.29354583740235,1
2020-09-21,106.87306213378906,106.97985811734019,100.09640588332402,101.49445700826324,195713800,0.030325693331710202,109.31189498901367,107.57184753417968,1
2020-09-22,108.55265808105469,109.57207159281869,105.97986595474057,109.39731520243424,183055400,0.01571580259544758,109.21383514404297,107.8923178100586,0
2020-09-23,103.99930572509766,108.84393137946276,103.65949625131259,108.36820848614498,150718700,-0.04194602358384547,108.22355041503906,108.0910969543457,1
2020-09-24,105.06726837158203,107.03812795513899,101.94107424298952,102.10611991881453,167743300,0.010268940153382644,107.7119041442871,108.29829711914063,1
2020-09-25,109.00898742675781,109.16432976181966,104.53328824582925,105.27114952311253,149981400,0.037516146715030674,107.73908920288086,108.60763900756837,1
2020-09-28,111.61091613769531,111.96042899652844,109.49442489570826,111.65946247086177,137672400,0.023868937528529033,107.70025253295898,108.97279922485352,0
2020-09-29,110.7662582397461,111.9507176542682,110.26141045029476,111.21286376254167,99382200,-0.007567878906281522,107.55947647094726,109.28171981811523,1
2020-09-30,112.4361343383789,113.84389630124348,110.30994008853341,110.47498574403602,142675200,0.015075674895675073,107.91675415039063,109.65034957885742,1
2020-10-01,113.38758850097656,114.29049535158379,112.45555681762868,114.21282419285578,116120400,0.008462174266274936,108.54296340942383,110.03272705078125,0
2020-10-02,109.7274169921875,112.00896103141628,108.95072761058432,109.60120691204848,144712000,-0.03228017772648495,109.14295959472656,110.42771636962891,1
2020-10-05,113.1060562133789,113.25168781010125,110.24200024207266,110.59151311135399,106243800,0.030791203454939353,109.76625900268554,110.894736328125,0
2020-10-06,109.86333465576172,112.73710064616577,108.97984195840537,112.32933079739347,161498200,-0.028669742949039567,109.89732666015625,111.25435760498047,1
2020-10-07,111.7274169921875,112.18372583418271,110.80508856065056,111.2808188977388,96849000,0.01696728341868159,110.67013778686524,111.68144836425782,0
2020-10-08,111.62059020996094,113.00893044105943,111.2516559762318,112.86329889654151,83477200,-0.000956137581109906,111.32546997070312,112.07175659179687,1
2020-10-09,113.56233978271484,113.59146461414193,111.57205902106843,111.9215718124515,100506900,0.01739598016012489,111.78080520629882,112.47861038208008,1
2020-10-12,120.7759017944336,121.53317715466372,115.80505821466257,116.56233357489269,240226800,0.06352072373218842,112.69730377197266,112.83455505371094,0
2020-10-13,117.57203674316406,121.73705863931524,116.1642820228976,121.62055188862823,262330500,-0.026527353583520874,113.37788162231445,113.07452560424805,1
2020-10-14,117.6594009399414,119.44579307201987,116.13513969852242,117.47493379758126,150712000,0.0007430695188872516,113.9002082824707,113.30214279174805,0
2020-10-15,117.19339752197266,117.66912045188067,114.70797946369227,115.26137355970408,112559200,-0.003960613552729364,114.28078918457031,113.51273559570312,0
2020-10-16,115.55262756347656,118.0089281560019,115.34874631090426,117.74678982617324,115393800,-0.014000532395081922,114.86331024169922,113.61608444213867,0
2020-10-19,112.60118865966797,116.9118342796432,112.29051143113706,116.46523622657561,120639300,-0.025541945397886123,114.81282348632813,113.71059875488281,1
2020-10-20,114.08661651611328,115.513792607474,112.2613812832418,112.81477533834804,124423700,0.013191937617416771,115.23515167236329,113.80346237182617,0
2020-10-21,113.46527099609375,115.25166338254114,113.05750107559587,113.2710930798733,89946000,-0.005446261261782381,115.4089370727539,113.9489956665039,0
2020-10-22,112.37787628173828,114.601163016686,111.25166679554484,114.02834752777623,101988000,-0.009583502553771717,115.48466567993164,114.00219940185546,0
2020-10-23,111.68859100341797,113.15460290941205,110.95072967623058,112.99926056384386,82572600,-0.006133638587298318,115.29729080200195,114.00278228759765,1
2020-10-26,111.69827270507812,113.1545734839859,109.59148528217365,110.68856994284661,111850700,8.668478645112998e-05,114.3895278930664,114.00554931640625,1
2020-10-27,113.203125,113.86331505621116,111.20314074462335,112.12546171107986,92276800,0.013472475970109254,113.95263671875,114.04423843383789,0
2020-10-28,107.96043395996094,112.06720563801413,107.86334871753533,111.69827875394513,143937800,-0.04631224659247757,112.98274002075195,113.95953018188476,1
2020-10-29,111.9604263305664,113.52352341003616,108.93131742851756,109.09637051307503,146129200,0.037050539942150795,112.45944290161133,113.95200622558593,0
2020-10-30,105.6886215209961,108.72743369464578,104.58183332192213,107.82452675254544,190272600,-0.0560180504408998,111.47304229736328,113.76919204711913,0
2020-11-02,105.60125732421875,107.45561785044453,104.19350237729961,105.93135613408043,122866900,-0.0008266187553594984,110.77304916381836,113.46628204345703,1
2020-11-03,107.22258758544922,108.24199381190596,105.56240538196562,106.46531227233,107624400,0.015353323457623524,110.08664627075196,113.16691482543945,1
2020-11-04,111.60121154785156,112.22256612959036,109.07695763364633,110.81481127564828,138235500,0.04083676826874627,109.90024032592774,112.97516876220703,1
2020-11-05,115.56233978271484,116.1351553723964,113.46527015302647,114.51380126430563,126387100,0.03549359527485829,110.21868667602538,112.82968490600587,0
2020-11-06,115.43104553222656,115.92703675245446,112.94133225108231,115.07120221763194,114457900,-0.0011361335425982277,110.59293212890626,112.71094329833984,0
2020-11-09,113.12610626220703,118.6404186508716,112.86352313794548,117.19133287792215,154515300,-0.019968105282179294,110.73571548461913,112.55003494262695,0
2020-11-10,112.78572082519531,114.36123445028848,110.99623930767311,112.37725487942362,138023400,-0.0030089026154825893,110.69397506713867,112.30013549804687,1
2020-11-11,116.20907592773438,116.34523125447596,113.24282640096855,113.97223311704505,112295000,0.030352735058056357,111.51883926391602,112.01889770507813,0
2020-11-12,115.93675994873047,117.22051541325983,115.31433350652887,116.33550583009225,103162300,-0.0023433279787307137,111.91647262573242,111.78619338989257,1
2020-11-13,115.98538970947266,116.38412816982795,114.63355658842221,116.16044760960408,81581900,0.00041945074852600683,112.94614944458007,111.75873229980469,1
2020-11-16,116.99685668945312,117.66790591712994,114.90588899182858,115.65474339427976,91183000,0.008720641302443877,114.08570938110351,111.74994720458984,0
2020-11-17,116.11181640625,117.35666927518157,115.6936229499769,116.26742672482064,74271000,-0.007564650096132941,114.9746322631836,111.88151840209962,0
2020-11-18,114.7891616821289,116.53001321672764,114.75998660153422,115.35323797332128,76322100,-0.011391215511549757,115.29342727661133,111.89925857543945,1
2020-11-19,115.38241577148438,115.7908817492475,113.60266161420516,114.36124340716778,74113000,0.0051682064810116835,115.27543487548829,112.00323226928711,0
2020-11-20,114.11811065673828,115.50884645150772,114.0694879933699,115.3824186228592,73604300,-0.01095751988110616,115.14414138793946,112.11085174560547,0
2020-11-23,110.72394561767578,114.39043445067523,110.6266928661709,113.96251344016258,127959300,-0.029742562504140868,114.90392532348633,112.0853450012207,1
2020-11-24,112.00767517089844,112.66900411514756,109.49851469831438,110.782277431187,113874200,0.011593965027721476,114.82612075805665,112.0820181274414,1
2020-11-25,112.84408569335938,113.54431736019659,112.00769869351593,112.37726952874067,76499200,0.007467439362389694,114.48962173461913,112.16163269042968,1
2020-11-27,113.3886947631836,114.26398425207363,113.02885888768483,113.36924718338975,46691300,0.004826208360659168,114.23481521606445,112.28689666748046,1
2020-11-30,115.78116607666016,117.64844554887398,113.6026659391683,113.75827627180732,169410200,0.02109973413551791,114.2143928527832,112.52797088623046,1
2020-12-01,119.35037994384766,120.0797865936806,116.71479147284033,117.68733367261757,127728200,0.030827240631039032,114.44974517822266,112.77751724243164,1
2020-12-02,119.7005386352539,119.98257686467308,117.57066807993264,118.66963848843292,89004200,0.002933871610387717,114.80861740112304,113.00047485351563,0
2020-12-03,119.5643310546875,120.38126287698958,118.85437203967088,120.12839984726902,78967600,-0.0011379028208172715,115.2861343383789,113.31177536010742,0
2020-12-04,118.893310546875,119.48656201518021,118.1833513172949,119.23369890903952,78260400,-0.0056122131232062555,115.63722381591796,113.58829620361328,1
2020-12-07,120.35209655761719,121.14958086023294,118.8932832660097,118.9516334233034,86712000,0.012269706378198908,116.26062240600587,113.81515838623046,1
2020-12-08,120.96480560302734,121.54833690448348,119.7102251767506,120.9550855226028,82225500,0.005090971100090824,117.28470840454102,114.0022361755371,0
2020-12-09,118.43622589111328,122.49172638424268,117.67764391915073,121.11071779836671,115089200,-0.020903433021768003,117.9275634765625,114.15563552856446,1
2020-12-10,119.85611724853516,120.4688236783502,116.85096494578069,117.19135328461722,81312200,0.01198865758123091,118.62876663208007,114.30403518676758,0
2020-12-11,119.04891204833984,119.38930038520903,117.23998269251022,119.06835963048555,86939800,-0.0067347851634596,119.19478836059571,114.41726165771485,0
2020-12-14,118.43622589111328,119.96311733773064,118.20281776587338,119.23371045393425,79184500,-0.005146507823421187,119.46029434204101,114.59143783569336,1
2020-12-15,124.36869812011719,124.3881531199314,120.72166474533367,120.92589772393254,157243700,0.050090014135185656,119.96212615966797,114.81669067382812,0
2020-12-16,124.30061340332031,124.84523464866267,123.08493568074685,123.91160246802319,98208600,-0.0005474425464445654,120.42213363647461,115.1054362487793,1
2020-12-17,125.16619873046875,126.02204075578122,124.5243172114844,125.36070423445284,94359800,0.006963644856199158,120.98232040405273,115.37421188354492,0
2020-12-18,123.18220520019531,125.5552106694522,122.65703149372492,125.41905534776451,192541500,-0.015850873082322692,121.41120986938476,115.6054441833496,1
2020-12-21,124.70909881591797,124.78690398309315,120.0603476658836,121.58723882712805,121251600,0.012395407382431278,121.84691009521484,115.82837936401367,1
2020-12-22,128.25889587402344,130.7194269475822,126.09011564727457,127.99630527207523,168904800,0.02846461959720603,122.57631912231446,115.97803924560547,0
2020-12-23,127.36410522460938,128.7937282937421,127.18903995013997,128.53115264175756,88223700,-0.006976441230968744,123.46910705566407,116.17388061523438,1
2020-12-24,128.3463897705078,129.79548292817182,127.50028284184114,127.71424330377316,54930100,0.0077124127254390995,124.31813430786133,116.3876203918457,1
2020-12-28,132.9368133544922,133.56895993255333,129.84412103088945,130.3109520335808,124486200,0.035765895653102175,125.70692443847656,116.70248870849609,0
2020-12-29,131.16676330566406,134.979126993658,130.65131712079605,134.2594552546887,121047300,-0.013314972761593658,126.97997817993163,117.01477142333984,0
2020-12-30,130.04835510253906,132.2560302372561,129.73713444926724,131.85728434018318,96452100,-0.008526612801435962,127.54794387817383,117.36371475219727,0
2020-12-31,129.04664611816406,131.0403608931575,128.1032788564328,130.398479383972,99116600,-0.007702588653160425,128.0225471496582,117.66291534423829,0
2021-01-04,125.85669708251953,129.94137159533847,123.27945861661561,129.85384635373498,143301900,-0.024719348635559246,128.0915969848633,117.9107438659668,1
2021-01-05,127.41279602050781,128.12276277719602,124.90363442356144,125.35101053270986,97664900,0.012364053515308893,128.51465606689453,118.21144226074219,0
2021-01-06,123.12384796142578,127.45166544679954,122.90988747820573,124.21309795786028,155088000,-0.033661831409709464,128.35613098144532,118.44014739990234,1
2021-01-07,127.3251953125,128.01570665362962,124.3492192030217,124.83549019711458,109578200,0.03412293735646155,128.26276092529298,118.75268585205077,1
2021-01-08,128.42420959472656,128.98828589154797,126.65417554196101,128.79376556588605,105158200,0.00863155386904535,128.3687713623047,119.0571075439453,0
2021-01-11,125.43848419189453,126.59581174174171,124.9716681081952,125.64272457590934,100384500,-0.0232489295612891,128.07798080444337,119.40666854858398,0
2021-01-12,125.26343536376953,126.1289973076945,123.376701166046,124.97166974271053,91951100,-0.0013954954036052847,127.31064300537109,119.67272872924805,1
2021-01-13,127.29603576660156,127.84065697204407,124.96194064618656,125.22451633035823,88636800,0.016226605927973203,126.92357025146484,120.10487701416015,0
2021-01-14,125.37042999267578,127.40303981441828,125.22453974548624,127.20853432464988,90221800,-0.015126989323189899,126.45577774047851,120.5002604675293,0
2021-01-15,123.64901733398438,126.64444915422231,123.5128620166925,125.24398598218208,111598500,-0.013730611427207884,125.91601486206055,120.8287890625,1
2021-01-19,124.32009887695312,125.17594095218084,123.45453671989587,124.27146878816617,90757300,0.0054273099571515715,125.76235504150391,121.08316680908203,1
2021-01-20,128.40475463867188,128.85213061210496,125.02031169638846,125.12729193961263,104319500,0.032855956507576334,125.8615509033203,121.34001510620118,1
2021-01-21,133.11187744140625,135.8349992091979,129.92193946307938,130.12617990258715,120150900,0.03665847745264661,126.86035385131837,121.69363174438476,1
2021-01-22,135.25148010253906,136.01006199526975,131.31268037347158,132.53807846792435,114459400,0.01607371710367933,127.65298233032226,122.1361392211914,1
2021-01-25,138.9957275390625,141.1061423033731,132.79090363932372,139.14161777095364,157611700,0.027683596761268525,128.71013412475585,122.66033935546875,1
2021-01-26,139.2291259765625,140.3378233401724,137.48826736504506,139.65704686073025,98390600,0.001679177062722248,130.08919830322264,123.12074035644531,0
2021-01-27,138.15939331054688,140.33789398115397,136.55470402699004,139.49177186525554,140843800,-0.007683253475251339,131.3787940979004,123.56519302368164,0
2021-01-28,133.32579040527344,138.0912555090123,132.94649958704122,135.68907538027003,142621100,-0.03498569868795487,131.98176956176758,123.91200103759766,0
2021-01-29,128.336669921875,132.98542025799577,126.63472114242195,132.10040333112443,177523800,-0.0374205205776984,132.2783935546875,124.13879730224609,1
2021-02-01,130.45681762695312,131.66277536673383,127.3349504556567,130.07752674070377,106239800,0.016520201952947344,132.95917358398438,124.42569732666016,1
2021-02-02,131.28346252441406,132.5672103709399,130.9138917801982,132.00313417601586,83305400,0.006336540416191694,133.65550994873047,124.75558334350586,0
2021-02-03,130.26231384277344,132.0420679752551,129.9413731133275,132.0323330550851,89880900,-0.007778197360164274,133.8412658691406,125.05318130493164,1
2021-02-04,133.6175994873047,133.62731956895118,130.8944778045398,132.55753183488522,84183100,0.025757915283011856,133.89183807373047,125.44317108154297,0
2021-02-05,133.20362854003906,133.8464691818489,132.32703847356598,133.77829722031976,75693800,-0.003098176803460362,133.68705291748046,125.89276473999024,1
2021-02-08,133.34974670410156,133.39844945852406,131.41149002924152,132.49262578464683,71297200,0.0010969533312568114,133.12245483398436,126.3196061706543,0
2021-02-09,132.47314453125,134.2945265238743,132.31731652057164,133.06728247906966,76774200,-0.006573707071200641,132.4468566894531,126.71218734741211,0
2021-02-10,131.86929321289062,133.427692466588,130.90503200269075,132.93094508769863,73046600,-0.004558292327822899,131.8178466796875,127.08179931640625,0
2021-02-11,131.61599731445312,132.84322611365104,130.2913630347836,132.3659630385237,64280000,-0.001920810313501664,131.64686737060546,127.39849594116211,1
2021-02-12,131.84979248046875,132.0056353585524,130.21348684657468,130.8563275721737,60145100,0.001776343079762821,131.99817962646483,127.64848419189452,0
2021-02-16,129.7264404296875,132.47309953309198,129.33683338034655,131.96663266193272,80576300,-0.016104326073139497,131.92514190673828,127.8490022277832,0
2021-02-17,127.43758392333984,128.78170264078364,126.10321467381557,127.83692569620267,97918500,-0.01764371625989558,131.54055404663086,128.00646728515625,0
2021-02-18,126.33696746826172,126.61941963432317,124.09677476387137,125.84022023340577,96856700,-0.008636513822642744,131.14801940917968,128.155340423584,1
2021-02-19,126.49280548095703,127.31097309084008,125.45063790347744,126.85319396385569,87668800,0.0012335107911662924,130.43554000854493,128.2781546020508,0
2021-02-22,122.72341918945312,126.3466832306724,122.33381954709712,124.68114457382555,103916400,-0.02979921488160342,129.38751907348632,128.3133268737793,0
2021-02-23,122.58708190917969,123.4149766498793,115.31133387912055,120.54169271715817,158273000,-0.0011109312401325067,128.31125259399414,128.39634399414064,0
2021-02-24,122.09033966064453,122.29487783267318,119.05147832650884,121.69100535268275,111039900,-0.004052158194802091,127.2729721069336,128.44102844238282,0
2021-02-25,117.84371948242188,123.17147632846172,117.40542445743719,121.43776543888308,148199500,-0.03478260597870664,125.87041473388672,128.41692459106446,1
2021-02-26,118.10670471191406,121.6033452358005,118.04825992472897,119.40211317040608,164560400,0.0022316439997587256,124.51948547363281,128.41033416748047,1
2021-03-01,124.46688842773438,124.60324720609326,119.59691082635653,120.53194563410155,116307900,0.0538511656161611,123.78119506835938,128.4122979736328,0
2021-03-02,121.86632537841797,125.37270785746594,121.75918527388905,125.07077161615514,102260900,-0.02089361341129936,122.99518356323242,128.36361221313476,0
2021-03-03,118.88590240478516,122.44098788620711,118.67162218049718,121.56439034639122,112966300,-0.024456493328883444,122.14001541137695,128.2380062866211,0
2021-03-04,117.0060806274414,120.38584631369558,115.53535272389263,118.58395606502583,178155000,-0.015811982239435696,121.20692672729493,128.11448379516602,1
2021-03-05,118.26253509521484,118.7690169305712,114.5126538027712,117.83398211644732,153766600,0.010738368989335667,120.3838996887207,127.98555252075195,0
2021-03-08,113.3341293334961,117.85346835184752,113.1880285063647,117.78528895665244,154376600,-0.041673432399794375,119.444970703125,127.68705718994141,1
2021-03-09,117.94112396240234,118.88590088596752,115.70093853482196,115.93469539878758,129525800,0.040649667103805465,118.98037490844726,127.49859756469726,0
2021-03-10,116.85999298095703,118.99303824849771,116.34376908141869,118.52552453136408,111943300,-0.009166700681858542,118.45734024047852,127.26886962890624,1
2021-03-11,118.78849792480469,120.00599237807343,118.10670400337277,119.35341713456053,103026500,0.01650269604381993,118.5518180847168,126.9859033203125,0
2021-03-12,117.8826675415039,118.01902630934984,116.06130081484937,117.26905308619719,88105100,-0.0076255731752260525,118.52941436767578,126.72022140502929,1
2021-03-15,120.76571655273438,120.77545858975141,117.28855243734995,118.25281346511821,92403800,0.024456937320453953,118.15929718017578,126.5345686340332,1
2021-03-16,122.30463409423828,123.9117284110974,121.47673927373422,122.4312508542222,115227900,0.012743000128119242,118.20312805175782,126.39972839355468,0
2021-03-17,121.51569366455078,122.58708734300565,119.15861865475401,120.82415767726631,111932600,-0.006450617636283518,118.46610717773437,126.31290832519531,0
2021-03-18,117.39567565917969,119.97676520351848,117.1911374972353,119.68456358302885,121229700,-0.03390523381074195,118.5050666809082,126.11256591796875,0
2021-03-19,116.8697280883789,118.27228410779664,116.56779183514182,116.7820720526636,185549500,-0.004480127294702929,118.36578598022462,125.98748352050781,1
2021-03-22,120.18131256103516,120.64883370339138,117.13270910784668,117.20088850037816,111912300,0.02833569074578457,119.05050430297851,125.84460586547851,0
2021-03-23,119.3534164428711,121.0092059173222,118.96381673388366,120.12287382459728,95467100,-0.006888725880270341,119.1917335510254,125.66319000244141,0
2021-03-24,116.96713256835938,119.7040653634643,116.94765592524341,119.62614392900645,88530500,-0.01999342746635091,119.20244750976562,125.4937629699707,1
2021-03-25,117.45411682128906,118.4962991670475,115.90546750304253,116.43142597838931,98844700,0.0041634281548714736,119.06900939941406,125.33757659912109,1
2021-03-26,118.05799102783203,118.32097396831911,115.82754049090362,117.22035432205121,94071200,0.005141362626410073,119.08654174804687,125.1528157043457,1
2021-03-29,118.23332214355469,119.39237925463331,117.59048892877756,118.4865630734955,80819200,0.0014851270481244239,118.8333023071289,125.01007354736328,0
2021-03-30,116.78207397460938,117.26907177481125,115.76911765846987,116.98661215897457,85671900,-0.012274442962731391,118.28104629516602,124.87273468017578,1
2021-03-31,118.97355651855469,120.30792565051348,117.9995609800172,118.48655874928595,118323800,0.018765573082918374,118.0268325805664,124.76580383300781,1
2021-04-01,119.80143737792969,120.95075227765696,119.3046976300742,120.44427792585978,75089100,0.006958528294864319,118.26740875244141,124.59373748779296,1
2021-04-05,122.62603759765625,122.87927851383142,119.86962848939254,120.64882787870255,88651200,0.02357734833194014,118.84303970336914,124.38402069091796,1
2021-04-06,122.92798614501953,123.82406033078875,122.3825509764638,123.21044576616356,80171300,0.002462352639608145,119.11770706176758,124.13755081176758,1
2021-04-07,124.57405090332031,124.5935275475856,121.88582070386657,122.55788011147936,83466700,0.013390480149564121,119.6397705078125,123.84911727905273,1
2021-04-08,126.97005462646484,126.99927330265552,125.17790646414029,125.59671739753477,88844600,0.01923356995915637,120.64006271362305,123.60393585205078,1
2021-04-09,129.54144287109375,129.58039616425768,126.10323884700867,126.42465924809835,106686700,0.02025192674125975,121.84879531860352,123.43157684326172,0
2021-04-12,127.82720184326172,129.3953355248616,127.2330638679476,129.0739151583479,91420000,-0.013233147553697311,122.82571640014649,123.32160507202148,1
2021-04-13,130.9342041015625,131.15823376064404,128.49921542278324,128.99596262492872,91266500,0.024306268255097185,124.09580459594727,123.37355575561523,0
2021-04-14,128.5966339111328,131.4894019428346,128.2362603060902,131.43096458655666,87222800,-0.017853014088026198,125.2772605895996,123.33635208129883,1
2021-04-15,131.00241088867188,131.48940869866695,130.16477406100063,130.34010100083557,89347100,0.018707931182721182,126.48014602661132,123.33073104858398,0
2021-04-16,130.67127990722656,131.1680124141945,129.81415884861858,130.80763872455088,84922400,-0.0025276708970395356,127.56713027954102,123.33891036987305,1
2021-04-19,131.33352661132812,131.94714842450873,129.87253361765187,130.03811104016313,94264200,0.005068035643117197,128.4378791809082,123.29322891235351,0
2021-04-20,129.6485595703125,132.0056272235911,128.38236227240412,131.50889480005515,94812300,-0.012829679400920724,129.1099365234375,123.22212753295898,1
2021-04-21,130.02838134765625,130.27188018913125,127.8855945150741,128.91802722500978,68847100,0.0029296258948234843,129.6553695678711,123.15570022583007,0
2021-04-22,128.50897216796875,130.66149395921403,127.99275572778816,129.58035833012048,84566500,-0.011685211827909048,129.80926132202148,123.07641677856445,1
2021-04-23,130.8270721435547,131.6062565911259,128.72323846633472,128.72323846633472,78657500,0.018038429041016935,129.93782424926758,123.05557235717774,1
2021-04-26,131.21669006347656,131.5478450047434,130.08685158645528,131.32383017529745,66905100,0.0029781138837561283,130.27677307128906,123.04758621215821,0
2021-04-27,130.89529418945312,131.88877406090668,130.62257655603392,131.49916682602472,66015800,-0.0024493520897986842,130.27288208007812,123.0284962463379,0
2021-04-28,130.1063232421875,131.5088791677975,129.61932548257246,130.81733580986761,107760100,-0.0060274966502897875,130.4238510131836,123.0360939025879,0
2021-04-29,130.00892639160156,133.50558183329358,129.00571212903608,132.92117853809344,151101000,-0.0007485942893386,130.32450256347656,123.08752075195312,0
2021-04-30,128.0414581298828,130.08683981317637,127.66160046998598,128.3531289693404,109839500,-0.015133332120538467,130.0615203857422,123.12161056518555,1
2021-05-03,129.09335327148438,130.58358001612103,128.40182480933737,128.6063555356659,75135100,0.008215269936511893,129.8375030517578,123.1736215209961,0
2021-05-04,124.52532196044922,128.07067238199318,123.40522566029897,127.77847076247717,137564700,-0.03538548806171726,129.32517929077147,123.20965957641602,1
2021-05-05,124.76883697509766,127.05771762012843,124.64221279666873,125.84022317213565,84000900,0.00195554615571103,128.79922485351562,123.25329467773437,1
2021-05-06,126.36620330810547,126.37593791446682,123.82406658932013,124.56430537762937,78128300,0.012802606578168563,128.5849479675293,123.33881195068359,1
2021-05-07,127.03939056396484,128.0638111341248,126.3271553590937,127.66380595625425,78973300,0.005327272943526085,128.2061798095703,123.52272537231445,0
2021-05-10,123.76119232177734,126.38568557584613,123.72216543128324,126.25886120807223,88071200,-0.025804580985744896,127.46063003540038,123.63581512451172,0
2021-05-11,122.84410095214844,123.19532812082859,119.78055295740043,120.49278076667929,126142800,-0.007410169152576418,126.65551071166992,123.603359375,0
2021-05-12,119.7805404663086,121.60500854306753,119.27320577012671,120.39520469554279,112172300,-0.024938604801489017,125.62293243408203,123.56164367675781,1
2021-05-13,121.9269790649414,123.0782463378904,121.23426847309511,121.5464761686261,105861300,0.01791976050764732,124.81473770141602,123.62246520996094,1
2021-05-14,124.34657287597656,124.7758612004647,122.78553457368028,123.17579601015879,81918000,0.019844613797463273,124.44524917602538,123.76927505493164,0
2021-05-17,123.19532775878906,123.83926036065176,122.12211419930365,123.73193826034131,74244600,-0.009258358236666098,123.85544662475586,123.86793090820312,0
2021-05-18,121.80989837646484,123.8977887358132,121.74160317568686,123.47825894714309,63342900,-0.011245794848947721,123.58390426635742,124.0374462890625,0
2021-05-19,121.6537857055664,121.87818100914643,119.86834464183288,120.16104258276613,92612000,-0.0012816090726548435,123.2723991394043,124.11169952392578,1
2021-05-20,124.20999145507812,124.61001150333645,122.05380598133526,122.1806452374261,76857100,0.02101213484386255,123.05677795410156,124.2586994934082,0
2021-05-21,122.37577056884766,124.88319058200729,122.16112639405591,124.70757329750661,79295400,-0.014767096146962033,122.59041595458984,124.33044494628906,1
2021-05-24,124.00509643554688,124.82464619337513,122.87334646207267,122.94164165492356,63092900,0.013314121407575374,122.6148063659668,124.45289352416992,0
2021-05-25,123.80998992919922,125.19541862484827,123.24411112700588,124.70758616767343,72009500,-0.0015733749011603848,122.71139526367188,124.51377899169921,0
2021-05-26,123.76119232177734,124.28804417802037,123.34166255348855,123.86851440973157,56575900,-0.0003941330376472374,123.10946044921874,124.54291015625,0
2021-05-27,122.22943115234375,124.5319657543007,122.03430412924318,123.36118872845968,94625600,-0.012376748645496538,123.13970565795898,124.55718490600586,0
2021-05-28,121.57574462890625,122.73677048730885,121.51720801205188,122.51236771666937,71311100,-0.005348028844401331,122.86262283325195,124.6407862854004,0
2021-06-01,121.25377655029297,122.29772171588232,120.92205913488071,122.03429950032661,67637100,-0.002648292055261847,122.66846771240235,124.72846725463867,1
2021-06-02,122.01477813720703,122.19039542274523,121.02937706510446,121.25377238108098,59278900,0.006276106267077086,122.68895568847657,124.76513656616211,0
2021-06-03,120.53179931640625,121.80989840712398,120.13177925202119,121.64403969713835,76229200,-0.012154091852161986,122.57675704956054,124.7887042236328,1
2021-06-04,122.8245849609375,123.08801464449839,120.83425795335646,121.04890215666704,75169300,0.019022246888661165,122.43821640014649,124.90585327148438,1
2021-06-07,122.8343276977539,123.24409888195902,121.79038257021139,123.09774990370911,71057600,7.932236709362606e-05,122.48407211303712,125.01345748901367,1
2021-06-08,123.65387725830078,125.33200387040455,123.13678395621102,123.51728685562117,74403800,0.0066719912577162255,122.4489501953125,125.12537521362304,1
2021-06-09,124.03439331054688,124.63929904628665,123.43924615992437,124.1124471042461,56877900,0.0030772674556029944,122.47139053344726,125.24139663696289,0
2021-06-10,123.03922271728516,125.06857651400928,122.87336400291547,123.9270603510902,71186400,-0.008023343902445634,122.39919357299804,125.3665396118164,1
2021-06-11,124.24900817871094,124.33682053678962,123.02944585374593,123.4489755912786,53522400,0.00983251872620805,122.60115127563476,125.47204864501953,1
2021-06-14,127.30281066894531,127.36134728829198,123.9758479654745,124.70758548178374,96906500,0.024578083439040332,123.17385787963867,125.62207611083984,0
2021-06-15,126.48328399658203,127.41991468464407,126.23937146072876,126.7759820170539,62746300,-0.0064376164835392435,123.69680862426758,125.69922103881837,1
2021-06-16,126.9808578491211,127.70284430122783,125.3320216426943,127.19550206765987,91815000,0.003933909974637606,124.19341659545898,125.78027847290039,1
2021-06-17,128.58090209960938,129.32240559947226,126.49301177385304,126.63936820067508,96721700,0.012600672869838903,124.99832687377929,125.86041549682618,0
2021-06-18,127.28331756591797,128.30773825283313,127.06867335467656,127.52723008894328,108953300,-0.0100915805730325,125.44420013427734,125.86668075561523,1
2021-06-21,129.0784912109375,129.18581330080102,126.063736441913,127.1271913132279,79663300,0.014103762216048699,126.0686164855957,125.85742172241211,1
2021-06-22,130.7175750732422,130.8151460223462,128.4150406144124,128.91263161271146,74783600,0.012698350026621563,126.77498626708984,125.91522918701172,0
2021-06-23,130.44439697265625,131.04931007255976,129.98584029942936,130.51269961588608,60214200,-0.0020898345186779466,127.41598663330078,125.9054330444336,0
2021-06-24,130.16146850585938,131.36151382298493,129.69314579268672,131.17613794325877,68711000,-0.0021689583712528604,128.1282112121582,125.93672973632812,0
2021-06-25,129.86880493164062,130.6298109330751,129.57610688018707,130.21028847287667,70783700,-0.0022484655219264793,128.69019088745117,125.9140576171875,1
2021-06-28,131.4981231689453,131.95667992046137,130.10295063063353,130.16148725640332,62111300,0.012545878420628487,129.10972213745117,125.93059448242188,1
2021-06-29,133.01036071777344,133.16646828417475,131.07857796707717,131.51761747124857,64556100,0.011500069448787897,129.7624298095703,125.96413116455078,1
2021-06-30,133.62501525878906,134.06405473109936,132.5615455661884,132.85424351014055,63261400,0.004621102729883031,130.4268455505371,126.04366027832032,1
2021-07-01,133.92750549316406,133.98604212249344,132.45426418125246,133.27382165358517,52485800,0.0022637246011847356,130.96150588989258,126.12164276123048,1
2021-07-02,136.5519561767578,136.59097561940857,134.3957635112395,134.5421050302235,78852600,0.0195960544021907,131.88836975097655,126.28250244140625,1
2021-07-06,138.56182861328125,139.6643030810213,136.65931393358588,136.65931393358588,108181800,0.014718737781550306,132.83670349121093,126.43719757080078,1
2021-07-07,141.0497283935547,141.3619286538461,139.1862333107396,140.04479519196917,104911600,0.01795515983855145,133.8699188232422,126.63385833740234,0
2021-07-08,139.75210571289062,140.55213093920304,137.24467816832617,138.13252320539087,105575500,-0.009199753132763666,134.80068969726562,126.81099456787109,1
2021-07-09,141.57656860351562,142.10341304013653,139.17646311232951,139.27403406481795,99890800,0.013054993921688851,135.94219970703125,127.04039947509766,0
2021-07-12,140.9813995361328,142.7570893612842,140.49357462424308,142.64976728517905,76299700,-0.00420386701876907,137.05345916748047,127.25984893798828,1
2021-07-13,142.0936279296875,143.869317607253,140.1325773062874,140.5228312484694,100827100,0.007889185362141449,138.11300964355468,127.54089233398437,1
2021-07-14,145.5181884765625,145.9279745686904,144.0839818158266,144.4937679079545,127050800,0.02410073271244495,139.3637924194336,127.86938903808594,0
2021-07-15,144.86448669433594,146.34747864637848,143.50833398770226,145.6059901139749,106820300,-0.004492234194709233,140.48773956298828,128.27617233276368,0
2021-07-16,142.8253936767578,146.1133292004128,142.32781756831105,144.8449961921481,93251400,-0.01407586541124195,141.37752838134764,128.63730346679688,0
2021-07-19,138.9813232421875,140.56188618036083,138.22031752231123,140.2496710710599,121434600,-0.02691447462956209,141.62046508789064,128.88960586547853,1
2021-07-20,142.5912322998047,143.5181116494979,139.47892150687957,139.9667464752501,96350000,0.025974058768505115,142.02340545654297,129.20064270019532,0
2021-07-21,141.8594970703125,142.57173225410514,141.10825732605966,141.9863363279922,74993500,-0.005131698616319458,142.10438232421876,129.56260879516603,1
2021-07-22,143.2254180908203,144.59132208932277,142.25951926436974,142.38635852395822,77338200,0.00962868929269356,142.45171356201172,129.97023513793945,1
2021-07-23,144.9425811767578,145.09868877076016,143.34251555633264,143.95717990319216,71447400,0.011989234235285195,142.78831481933594,130.47347595214845,1
2021-07-26,145.3621063232422,146.18164879238583,144.1035094217646,144.65963709619385,72434100,0.002894423040340044,143.22638549804688,130.94217849731444,0
2021-07-27,143.19615173339844,145.5767400665626,142.00585756681636,145.48892025406204,104818600,-0.014900407297533946,143.33663787841797,131.3191700744629,0
2021-07-28,141.44973754882812,143.391286472983,139.06914908747908,141.28387882976534,118931200,-0.012195957526999535,142.92979278564454,131.68425827026368,1
2021-07-29,142.0936279296875,142.98147276847027,141.0594415843949,141.16676365158,56699500,0.004552079007125176,142.6527069091797,132.08993286132812,1
2021-07-30,142.30833435058594,142.76689112133272,140.6009465535791,140.86437626783024,70440600,0.001511020754601855,142.6010009765625,132.50302383422851,0
2021-08-02,141.97659301757812,143.37176538004852,141.71316334757606,142.79613544954273,62880000,-0.002331144795712059,142.90052795410156,132.85835586547853,1
2021-08-03,143.77178955078125,144.43522442777342,141.64486473611035,142.25952902121162,64786600,0.012644313369182258,143.01858367919922,133.2862762451172,0
2021-08-04,143.3717498779297,144.191292221281,142.7180662311683,143.6839649919127,56368300,-0.0027824629164142634,143.16980895996093,133.67360931396485,1
2021-08-05,143.4790802001953,144.24008597517638,142.61075233452527,143.40102641721816,46397700,0.0007486155561120533,143.19517517089844,134.06699111938477,0
2021-08-06,142.79510498046875,143.74290453377364,142.29678337483543,143.0003050001657,54126800,-0.004767072793972593,142.98042755126954,134.4476693725586,0
2021-08-09,142.74624633789062,143.34228507821692,142.18930041536296,142.8537292225246,48908700,-0.0003421590858090351,142.71884155273438,134.85800567626953,0
2021-08-10,142.26748657226562,144.32919310328901,141.9743500451473,143.0882569205625,69023100,-0.003353921927248038,142.6259750366211,135.27184051513672,1
2021-08-11,142.52151489257812,143.36183156118472,142.19906623850963,142.70716850336376,48493500,0.0017855683433576353,142.7331527709961,135.69719528198243,1
2021-08-12,145.482177734375,145.63851920327534,142.5019837127135,142.84397881224007,72282600,0.02077344493586386,143.07200775146484,136.16654327392578,1
2021-08-13,145.68736267089844,146.01957707570978,144.8763581583002,145.56033337689462,59375000,0.001410378506280452,143.4099105834961,136.66965454101563,1
2021-08-16,147.66114807128906,147.72955306203514,143.11758362273994,145.14019753721752,103296000,0.013548089307164668,143.97836608886718,137.16638580322265,0
2021-08-17,146.75242614746094,148.20831321235303,145.67759718518755,146.7915040599331,92229700,-0.00615410306433084,144.27642974853515,137.6447477722168,0
2021-08-18,143.0100555419922,147.27026274921596,142.80485554411644,146.37132185900873,86326000,-0.025501252031828847,144.2402603149414,138.03187133789064,1
2021-08-19,143.34226989746094,144.61251796964282,141.19262734198236,141.71049530140775,86960300,0.002323013960170206,144.22657928466796,138.4180288696289,1
2021-08-20,144.7981719970703,145.10107421090675,143.42044104748524,144.0653382889344,60549600,0.010156823250049296,144.42688598632813,138.8532078552246,1
2021-08-23,146.28338623046875,146.75239563031982,144.50503593715925,144.91542102572143,60131800,0.01025713386373761,144.78059997558594,139.29389541625977,0
2021-08-24,146.1954803466797,147.40710449199298,145.73623655262395,146.02937310982574,48606400,-0.000600928690907998,145.17339935302735,139.67174880981446,0
2021-08-25,144.9643096923828,146.8794554129226,144.41712946066949,146.3811188443998,58991300,-0.008421400246966249,145.4176788330078,140.04136932373046,0
2021-08-26,144.16302490234375,145.70686286954728,144.1337127499538,144.95449774548743,48597200,-0.005527462530186988,145.2857635498047,140.3850126647949,1
2021-08-27,145.1988067626953,145.34536755607812,143.4693148530707,144.10443150378484,55802400,0.0071847955538753006,145.23690795898438,140.71737075805663,1
2021-08-30,149.61537170410156,149.97691325126357,145.20860233340446,145.5896753840009,90956700,0.030417363888013416,145.4323303222656,141.1640118408203,0
2021-08-31,148.3548583984375,149.30265785841414,147.82720977662575,149.16586282859998,86453100,-0.008425025392156948,145.5925735473633,141.5495391845703,1
2021-09-01,149.01930236816406,151.43276949828842,148.8531951656688,149.33198527371385,80313700,0.004478747625116908,146.19349822998046,141.91557373046874,1
2021-09-02,150.13323974609375,151.17875665151738,148.9118498525865,150.3482055601146,71115500,0.007475121411973928,146.87259521484376,142.3093505859375,1
2021-09-03,150.76834106445312,151.09078972052774,149.5860293255129,150.24069238740682,57808700,0.004230251205086022,147.46961212158203,142.72148803710937,1
2021-09-07,153.10365295410156,153.660598936694,150.85629279363835,151.42301943650597,82278300,0.015489404958366482,148.15163879394532,143.1861849975586,0
2021-09-08,151.55979919433594,153.44561765373206,150.4556581818044,153.38699333617137,74420200,-0.010083716031442091,148.68807067871094,143.5874185180664,0
2021-09-09,150.5436248779297,152.53692642541913,150.42636132134103,151.93112186962642,57305700,-0.006704774760906584,149.24600219726562,143.93808380126953,0
2021-09-10,145.56031799316406,151.92130921813492,145.296493683324,151.45229981917254,140893200,-0.033102078475966024,149.38573150634767,144.17678985595703,1
2021-09-13,146.12705993652344,147.95425407222461,145.34536758274155,147.18234237769772,102404300,0.0038935195469000927,149.47855682373046,144.42078094482423,0
2021-09-14,144.72976684570312,147.61225802171091,143.54747014740659,146.9087364700221,109296300,-0.009562178910786812,148.98999633789063,144.5843371582031,1
2021-09-15,145.61895751953125,146.0195769004921,143.01983678244974,145.15971382126716,83281300,0.006143799532103866,148.71640625,144.7254797363281,0
2021-09-16,145.38442993164062,145.56031777444971,143.85037245648,145.04244981377065,68034100,-0.00161055670144572,148.35291900634766,144.81217376708983,0
2021-09-17,142.7169189453125,145.4137565229727,142.423782481279,145.4137565229727,129868800,-0.01834798256995185,147.61128692626954,144.87147003173828,0
2021-09-20,139.66835021972656,141.52485650500037,138.0365754530921,140.50866688674913,123478900,-0.021360948289208204,146.50128784179688,144.8333056640625,1
2021-09-21,140.14710998535156,141.29034368063373,139.51199340756355,140.63566578658538,75834000,0.0034278328975163586,145.20563354492188,144.81661987304688,1
2021-09-22,142.5117645263672,143.07847626004042,140.41096517330857,141.14379903633161,76404300,0.016872660030326614,144.300830078125,144.82498260498048,1
2021-09-23,143.46934509277344,143.71362307292674,142.30657952171666,143.29345719409983,64838200,0.0067193088906640774,143.59340209960936,144.78400573730468,1
2021-09-24,143.55723571777344,144.09465008430436,142.22836333396052,142.326080458617,53477900,0.0006126090904170489,143.39309387207032,144.75786071777344,0
2021-09-27,142.04275512695312,142.61926249136263,140.52824357765476,142.14047228283127,74150700,-0.010549663924970698,142.9846633911133,144.74220794677734,0
2021-09-28,138.66189575195312,141.4368888178272,138.44693003041687,139.97122157619168,108972300,-0.02380170232531953,142.37787628173828,144.73581939697266,1
2021-09-29,139.5608673095703,141.14378350850296,138.77917495976774,139.2091064976362,74602000,0.006483191021889212,141.77206726074218,144.67521209716796,0
2021-09-30,138.26129150390625,141.07537768507382,138.0463257589815,140.37185613978193,89056700,-0.009311892586489678,141.05975341796875,144.60324798583986,1
2021-10-01,139.38497924804688,139.64880358400276,135.9260103602956,138.65214546670163,94639600,0.008127276491619373,140.7265594482422,144.52643920898439,0
2021-10-04,135.95530700683594,138.95504676613083,135.10522468851968,138.5153346198599,98322000,-0.024605752066781617,140.35525512695312,144.34669372558594,1
2021-10-05,137.88023376464844,138.9843747661612,136.17028827499877,136.29731756814027,80861100,0.01415852606412571,140.12856750488282,144.19705627441405,1
2021-10-06,138.7499237060547,138.89648456305173,135.20300187124596,136.27783118771768,83221100,0.0063075751879762,139.75238342285155,144.10813171386718,1
2021-10-07,140.01031494140625,140.91903648455812,139.453369081024,139.78558344753552,61732700,0.009083905790260083,139.40648040771484,144.07934326171875,0
2021-10-08,139.62924194335938,140.87994360098938,139.29702757701324,140.73338282452485,58773200,-0.0027217494525767494,139.01368103027343,144.0300555419922,0
2021-10-11,139.5413360595703,141.49555969160025,138.56422424355534,139.0137022391212,64452200,-0.0006295664329734052,138.76353912353517,143.9747155761719,0
2021-10-12,138.2710723876953,139.97125212650982,137.81182869231796,139.95170571768443,73035900,-0.009103135370100879,138.72445678710938,143.90060516357423,0
2021-10-13,137.684814453125,138.16358964828814,136.0139468710265,138.00726310614547,78762700,-0.004239917463911169,138.53685150146484,143.7788656616211,1
2021-10-14,140.46958923339844,140.58685278975153,138.27108764845218,138.85736070158842,69907100,0.020225721996535162,138.75768127441407,143.72082244873047,1
2021-10-15,141.52487182617188,141.58349614959462,140.22531132197605,140.4793699361988,67940300,0.007512534197135157,138.97167053222657,143.68173828125,1
2021-10-18,143.1957550048828,143.479110901774,139.88334618906478,140.16670208595596,85589200,0.011806286465061877,139.69571533203126,143.68975128173827,1
2021-10-19,145.35513305664062,145.75575243725564,143.1957245202807,143.64518755891186,76378900,0.015079902694630665,140.44320526123047,143.7419290161133,1
2021-10-20,145.8436737060547,146.3224637629304,144.7297670657769,145.29649358936246,58418800,0.0033610140841995317,141.15258026123047,143.81345275878905,1
2021-10-21,146.05865478515625,146.21499623763387,144.4855043297612,145.40399172614036,61421000,0.001474051452755143,141.75741424560547,143.88419555664063,0
2021-10-22,145.2867431640625,146.74263007605518,145.23788459644618,146.26385487822307,58883400,-0.005284942698049577,142.3231643676758,143.88028686523438,0
2021-10-25,145.23785400390625,145.95114123032678,144.24119609072437,145.27693190404312,50720600,-0.0003365011775440241,142.89281616210937,143.87129669189454,1
2021-10-26,145.90232849121094,147.38752756365847,145.5994113354405,145.91209424092938,60893400,0.004575077839464647,143.65594177246095,143.83612030029298,0
2021-10-27,145.443115234375,146.30296358535784,145.0913543468451,145.94143694606547,56094900,-0.0031474018378233604,144.43177185058593,143.80993408203125,1
2021-10-28,149.0779571533203,149.66421529809745,146.29318250961379,146.39089965518153,100077900,0.024991502094051876,145.29260864257813,143.93129211425781,0
2021-10-29,146.37130737304688,146.50810238824585,143.05889994615762,143.85035788477583,124953200,-0.01815593553840933,145.77725219726562,143.99187286376954,0
2021-11-01,145.55055236816406,146.27360541935798,144.41709931929685,145.57986452377787,74588300,-0.005607349005847251,146.01273193359376,144.0069204711914,1
2021-11-02,146.58628845214844,148.10081443519022,145.2476354029817,145.25741606122364,69122000,0.007115988686628327,146.13584747314454,144.012978515625,1
2021-11-03,148.0226593017578,148.49166875101167,146.39088452432864,146.94783044977856,54511500,0.009798807683695898,146.35374603271484,144.04952209472657,0
2021-11-04,147.50479125976562,148.94113176601576,147.192108353955,148.11059575284676,60394600,-0.003498572748490303,146.49835968017578,144.10033172607422,1
2021-11-05,148.03317260742188,148.9334254421716,146.83935549516048,148.6300811635526,65463900,0.003582130066037914,146.77300262451172,144.17773468017577,0
2021-11-08,147.21121215820312,148.31696452355757,146.93722280009231,148.1603949099799,55020900,-0.005552542276443417,146.9703384399414,144.21798278808595,1
2021-11-09,147.5732879638672,148.17997664131613,146.83938459031998,146.97637928946335,56787900,0.0024595667704641055,147.13743438720704,144.17714111328124,0
2021-11-10,144.74530029296875,146.9078752619248,144.67681041564214,146.80023551358215,65187100,-0.019163276158696507,147.0676528930664,144.10494995117188,0
2021-11-11,144.69642639160156,146.22294346309567,144.51050176060812,145.76304428551546,41000000,-0.00033765449564349126,146.62949981689454,144.01849243164062,1
2021-11-12,146.7708740234375,147.1720631299846,144.3147348567186,145.2443426792842,63804000,0.014336550553237126,146.6694564819336,143.9512451171875,1
2021-11-15,146.78065490722656,148.6203105600799,146.22288125155492,147.1427090779816,59222800,6.664049563065433e-05,146.79246673583984,143.87149139404298,1
2021-11-16,147.75918579101562,148.23867461686362,146.1348097014568,146.72193826652372,59256200,0.006666620232806286,146.90975646972657,143.76460205078126,1
2021-11-17,150.19578552246094,151.67337235529826,147.7494408070529,147.7592208106454,88807000,0.01649034351672407,147.12706909179687,143.73732177734374,1
2021-11-18,154.48175048828125,155.26458367795593,149.76520627698585,150.41104477831504,137827700,0.02853585372526557,147.82476501464845,143.8160842895508,1
2021-11-19,157.10426330566406,157.56417731455713,153.17053675502055,154.26649442831288,117305600,0.01697619821819507,148.73187408447265,144.04696319580077,1
2021-11-22,157.56414794921875,162.14369731452808,157.54457301404287,158.20997149701574,117467900,0.0029272575669059275,149.7671676635742,144.27570495605468,1
2021-11-23,157.94580078125,158.32742995233392,155.64623082003743,157.6620164381372,96041900,0.0024222060474965446,150.8044189453125,144.5400256347656,1
2021-11-24,158.46441650390625,158.66012108108276,156.2137765381209,157.29995411244806,69463600,0.0032835043419388033,152.17633056640625,144.79693481445312,0
2021-11-26,153.4445037841797,157.00638063396804,153.00416477836077,156.14527755829806,76959800,-0.031678485495214126,153.05113830566407,144.9581362915039,1
2021-11-29,156.8009033203125,157.73051124922804,155.38201155737082,155.9495652762871,88748200,0.021873703217507146,154.05414123535155,145.2398159790039,1
2021-11-30,161.75233459472656,161.96761414950842,156.48779536992407,156.55630019703872,174048100,0.031577823657682025,155.55130920410156,145.6814956665039,0
2021-12-01,161.23365783691406,166.64497001692308,160.99880341826756,163.88548659020162,152052500,-0.0032066106440569175,156.8987564086914,146.10322662353516,0
2021-12-02,160.2453155517578,160.67587449430678,154.41323968804676,155.3330674414379,136739200,-0.006129875724558365,157.9037094116211,146.45789764404296,0
2021-12-03,158.36654663085938,161.4195945786872,156.29205136899398,160.49976670029744,118023100,-0.011724329752975549,158.2921890258789,146.75584167480469,1
2021-12-06,161.77188110351562,164.27693555746282,160.7541933995356,160.76397340255957,107497000,0.02150286499960008,158.75895080566406,147.12013458251954,1
2021-12-07,167.50611877441406,167.89754291240308,164.7270745855606,165.4511980423622,120405400,0.035446442433522574,159.7531478881836,147.62940185546876,1
2021-12-08,171.32241821289062,172.18353634737676,167.03641741062992,168.4357343791699,116998900,0.022783044980082767,161.09080963134767,148.2826123046875,0
2021-12-09,170.8135528564453,172.95655298827864,170.18728927314578,171.15604705270513,108923700,-0.002970220486924191,162.32572326660156,148.907666015625,1
2021-12-10,175.5985870361328,175.77473158616564,170.94075296583623,171.4495967498973,115402700,0.0280131997705646,164.54113159179687,149.65441192626952,0
2021-12-13,171.96820068359375,178.22105525887056,171.76270122082846,177.23272274129735,153237000,-0.020674348318030833,166.057861328125,150.30607635498046,0
2021-12-14,170.58847045898438,173.92528743178815,168.51397541726456,171.48872330598167,139380400,-0.008023170674140823,166.94147491455078,150.99873962402344,1
2021-12-15,175.45184326171875,175.6475478496639,168.6118581679586,171.35176719309973,131063300,0.028509387472957615,168.36329345703126,151.75017181396484,0
2021-12-16,168.5629119873047,177.2523322197485,167.08532532021002,175.43225135839342,150185800,-0.0392639435776001,169.19505310058594,152.34643157958985,0
2021-12-17,167.46694946289062,169.74694420568176,166.0480727156741,166.2829122189755,195432700,-0.006501801087160919,170.10509338378907,152.89556427001952,0
2021-12-20,166.10679626464844,166.91898445345717,163.8659512088188,164.66834446331637,107499100,-0.008121920191443976,170.53858489990233,153.4251153564453,1
2021-12-21,169.27723693847656,169.48272148768493,165.49028600162353,167.87792030585337,91185900,0.019086760717345053,170.7156967163086,154.01983337402345,1
2021-12-22,171.87037658691406,172.08565609490324,168.45527432954148,169.32617236411534,92135300,0.015318891632074338,170.77049255371094,154.6918194580078,1
2021-12-23,172.4966278076172,173.0544014741378,171.50831008728667,172.07586375572322,68356600,0.003643741482037388,170.9388000488281,155.38805572509764,1
2021-12-27,176.45973205566406,176.54779687853835,173.26970404402934,173.28926405046633,74919600,0.022974966516254858,171.02491455078126,156.10785858154296,0
2021-12-28,175.4420623779297,177.43828815623348,174.6983789116561,176.29340054719341,79144300,-0.005767149626031087,171.37230072021484,156.78620239257813,1
2021-12-29,175.5300750732422,176.7532470426314,174.31668310434065,175.48114520820693,62348900,0.0005016624526614777,171.86646118164063,157.43288879394532,0
2021-12-30,174.37542724609375,176.69457190920295,174.26778749437727,175.6181743920382,59773000,-0.006578062629248316,171.75881958007812,158.01329467773436,0
2021-12-31,173.7589569091797,175.38331824017646,173.45559766181222,174.2677857929612,64062300,-0.003535305098028796,172.27842407226564,158.57160034179688,1
2022-01-03,178.10366821289062,178.9550062933326,173.89596741451703,174.0133871781769,104487900,0.025004243700552653,173.34209594726562,159.21250061035155,0
2022-01-04,175.84326171875,179.013729963492,175.27570793184105,178.71038559647081,99310400,-0.012691521274220574,174.31574249267578,159.82363098144532,0
2022-01-05,171.1658172607422,176.3031403228598,170.8918278919333,175.75516158524204,94537600,-0.026600077889189055,174.50460052490234,160.34219024658202,0
2022-01-06,168.30850219726562,171.53767993498516,167.95622799076347,168.99347567343597,96904000,-0.0166932575043528,174.1484130859375,160.79031372070312,1
2022-01-07,168.47486877441406,170.40258963561612,167.35933616352636,169.1794172582698,86709100,0.0009884621096172275,173.7462371826172,161.2509487915039,1
2022-01-10,168.4944305419922,168.79777487885306,164.56070430318124,165.4511773077938,106765600,0.00011611089369245597,172.94970703125,161.63927825927735,1
2022-01-11,171.32241821289062,171.42026304461638,167.1538521125257,168.62165897014336,76138300,0.016783864379384505,172.5377426147461,162.13830047607422,1
2022-01-12,171.7627410888672,173.37732250749067,171.0679876032979,172.3400748149154,74805200,0.0025701416111778563,172.1610092163086,162.66254425048828,0
2022-01-13,168.4944305419922,172.82934594142114,168.10300645305696,172.00737775161056,84505800,-0.019028053034994552,171.57290954589843,163.10070709228515,1
2022-01-14,169.3555145263672,170.05026788105346,167.41799927146064,167.6626336785782,80440800,0.005110459625313313,171.1325653076172,163.52736419677734,0
2022-01-18,166.15567016601562,168.83685335481772,165.77404113900306,167.82896092626407,90956700,-0.018894243681999323,169.9377655029297,163.90038177490234,0
2022-01-19,162.66233825683594,167.40825267441707,162.37856885772902,166.35143003303915,94815000,-0.02102445198342795,168.6196731567383,164.19296508789063,0
2022-01-20,160.97923278808594,166.0382709410417,160.6563135530504,163.3962221186515,91420500,-0.010347235179248848,167.60101470947265,164.46832550048828,0
2022-01-21,158.92431640625,162.76018251834915,158.81667665863466,160.8911718694381,122848900,-0.012765102344232448,166.6625961303711,164.69534606933593,0
2022-01-24,158.15127563476562,158.81668910799385,151.37979580013618,156.58562410189697,162294600,-0.004864206994657061,165.63023681640624,164.96346557617187,0
2022-01-25,156.35076904296875,159.26680751652682,153.65001008067688,155.56793581393717,115798400,-0.011384711154369453,164.4158706665039,165.19655242919922,0
2022-01-26,156.26271057128906,160.8618354481178,154.43284958250229,159.99093736491258,108275300,-0.0005632109916612338,162.90989990234374,165.38638916015626,0
2022-01-27,155.80279541015625,160.32363543352318,154.88296745549835,158.96346843901696,121954600,-0.0029432176073957983,161.31390533447265,165.56683197021485,1
2022-01-28,166.67437744140625,166.69395238194963,159.30598757947982,162.1535367106973,179935700,0.06977783680087501,161.13190002441405,165.94513580322266,1
2022-01-31,171.02883911132812,171.24411862639118,165.87194061535732,166.5079991576081,115541600,0.026125561329621183,161.29923248291016,166.361796875,0
2022-02-01,170.86248779296875,171.08754730875657,168.61184784118433,170.2753591337895,86213900,-0.0009726506899289111,161.76991424560546,166.68941162109374,1
2022-02-02,172.0660858154297,172.105235689561,169.6099612749151,170.9994831805343,84914300,0.007044249665375979,162.71028900146484,166.98864807128905,0
2022-02-03,169.18917846679688,172.45750604377838,168.4259201826274,170.73526997176376,89418100,-0.016719781443269355,163.53128356933593,167.2211486816406,0
2022-02-04,168.90504455566406,170.5804825811808,167.22960653014735,168.20939100229583,82465400,-0.0016793858431588538,164.52935638427735,167.4403335571289,0
2022-02-07,168.1898193359375,170.43351937589156,167.49416572772904,169.36555780513737,77251200,-0.004234481105097165,165.53321075439453,167.63484161376954,1
2022-02-08,171.29574584960938,171.80523803495097,167.96446919200875,168.25840756625686,74829200,0.018466792615242644,167.0277084350586,167.99186645507814,1
2022-02-09,172.71640014648438,173.07891560572492,171.36429283315064,172.4910539110368,71285000,0.008293576059514418,168.67307739257814,168.31017639160157,0
2022-02-10,168.6405029296875,171.93257943938036,168.08203354026793,170.6196718007765,90865900,-0.023598785137601386,169.95684814453125,168.44793975830078,0
2022-02-11,165.2308807373047,169.5811269216294,164.64300397443432,168.846288443205,98670700,-0.02021828761862987,169.8124984741211,168.5278842163086,1
2022-02-14,165.46600341796875,166.1518495458794,163.19289630795137,163.98651932384257,86185500,0.0014229947792741005,169.25621490478517,168.6322979736328,1
2022-02-15,169.29696655273438,169.45373566949445,166.80832036305304,167.5137664381475,62527400,0.02315256944406019,169.09966278076172,168.8509063720703,0
2022-02-16,169.06182861328125,169.83585183660028,166.6123672162483,168.3759824121772,61177400,-0.0013889081667619596,168.7992370605469,168.99670532226563,0
2022-02-17,165.46600341796875,168.43474911832254,165.06428820364812,167.57253401447812,69589300,-0.021269290796195883,168.42691955566406,168.95590301513673,0
2022-02-18,163.91796875,167.0924613280084,162.83040723152354,166.3870301609273,82772700,-0.009355605598682426,167.92821197509767,168.8078140258789,0
2022-02-22,160.9982147216797,163.3202994694817,158.87206895600934,161.6448612037598,91162800,-0.01781228775945476,167.20905151367188,168.6115072631836,0
2022-02-23,156.83409118652344,162.79116699621056,156.52055301215938,162.1934979328617,90009200,-0.025864408138654427,165.76288604736328,168.2362173461914,1
2022-02-24,159.45013427734375,159.55791116992768,148.9272434071185,149.49552020889521,141147500,0.01668032167642064,164.4362594604492,167.9858560180664,1
2022-02-25,161.5175018310547,161.78203291625664,157.617948249187,160.5279097890242,91974200,0.012965605598769914,163.72395935058594,167.80443664550782,1
2022-02-28,161.78199768066406,162.07593599497437,159.14637521454355,159.76364417956287,95056600,0.0016375677348330342,163.3790710449219,167.53103973388673,0
2022-03-01,159.9008026123047,163.232078365881,158.69567205028895,161.3704791343853,83474400,-0.011627962908905332,162.82255096435546,167.3577975463867,1
2022-03-02,163.19290161132812,163.97673219026618,159.65587901852524,161.0667710705488,79724800,0.02058838320533929,162.21214447021484,167.27231658935546,0
2022-03-03,162.8695831298828,165.49541352335572,162.203336805619,165.06430592514928,76678400,-0.0019812043186495654,161.592919921875,167.20757232666017,0
2022-03-04,159.87144470214844,162.20333673673338,158.82308299816066,161.16476749621853,83737200,-0.018408215764532665,161.03346405029296,167.0194564819336,0
2022-03-07,156.0797119140625,161.68408181721537,155.82495831371006,160.05763556238298,96418800,-0.023717386148290553,160.24963836669923,166.70364318847658,0
2022-03-08,154.2572784423828,159.58730866544224,152.65043241487155,155.60938587479396,131148300,-0.011676299560849479,159.57554473876954,166.33885620117186,1
2022-03-09,159.65589904785156,160.10660654613918,156.1874681101056,158.2156144765831,91454900,0.03499750974463889,159.85772552490235,166.00277954101563,0
2022-03-10,155.31544494628906,157.14763719865718,152.82678391494153,156.9614757494235,105342000,-0.02718630584555848,159.4442565917969,165.60024719238282,0
2022-03-11,151.60206604003906,156.06008893270172,151.37671976951566,155.71715834467904,96970100,-0.023908626135244693,158.4527130126953,165.12168701171876,0
2022-03-14,147.57518005371094,151.00442681332026,147.065702727949,148.38840322217212,108732100,-0.026562210473204284,157.03203125,164.5856820678711,1
2022-03-15,151.95477294921875,152.42508026860065,147.33999637401098,147.84947354452075,92964300,0.029677028982203035,156.2374282836914,164.14959838867188,1
2022-03-16,156.3638153076172,156.76553056777536,151.3375306500096,153.8751690879972,102300200,0.029015491075570665,155.5545196533203,163.71480133056642,1
2022-03-17,157.3730010986328,157.74532403885397,154.4434546489776,155.40363939181822,75615400,0.00645408778898271,155.0048614501953,163.34539611816408,1
2022-03-18,160.66506958007812,161.15496186500974,156.53037749922927,157.2652159266267,123511700,0.020918889888755565,155.08422393798827,163.13538116455078,1
2022-03-21,162.0367889404297,162.98718123956166,159.71468917177347,160.20458149296203,95811400,0.008537757235824506,155.679931640625,163.00994689941408,1
2022-03-22,165.40724182128906,165.99510360566663,161.57628048257416,162.1641422669517,81532000,0.020800541055515875,156.79492797851563,162.94859436035156,1
2022-03-23,166.76914978027344,169.1500192740017,164.2608885491977,164.59402668830268,98062700,0.008233665853976557,157.50625305175782,162.9140887451172,1
2022-03-24,170.5511016845703,170.61967882805246,166.76913277034842,167.60194065734933,90131400,0.02267776689681389,159.02981872558593,162.89866241455078,1
2022-03-25,171.18797302246094,171.7366500272882,169.25779609098333,170.36495751522006,80546200,0.0037341965639630104,160.98840942382813,162.88716705322267,1
2022-03-28,172.0501708984375,172.1775327221898,168.52294058057433,168.6895021580393,90371900,0.005036556369900191,163.43590850830077,162.95828186035158,1
2022-03-29,175.3422393798828,175.39121664425457,172.7751938429614,173.11812439551318,100589400,0.019134351708308683,165.7746551513672,163.0780163574219,0
2022-03-30,174.17630004882812,175.979099995584,173.12792342578476,174.94053078604693,92633200,-0.006649506332177313,167.55590362548827,163.23842895507812,0
2022-03-31,171.0801544189453,174.4310152677539,170.87439311711938,174.24485383998842,103049300,-0.017775929497956033,168.92661895751954,163.4067852783203,0
2022-04-01,170.78623962402344,171.34472398421482,168.46415506398156,170.5119011506989,78751300,-0.0017179946786938238,169.93873596191406,163.60292541503907,1
2022-04-04,174.832763671875,174.88175589117134,170.91362533338986,171.04100211349504,76468400,0.02369350163549333,171.21833343505858,163.92109436035156,0
2022-04-05,171.52108764648438,174.6955950948926,170.89402610794616,173.91176443413826,73401800,-0.018941964628586216,171.82971801757813,164.18849060058594,0
2022-04-06,168.3563690185547,170.1199840728932,166.69073839236125,168.87565359700926,89058800,-0.018450901118656438,171.98843994140626,164.42860260009766,1
2022-04-07,168.6601104736328,169.85544881098227,166.41641045043957,167.69992580849703,77594700,0.0018041577924778895,171.7993408203125,164.67655059814453,0
2022-04-08,166.6515350341797,168.30737316185164,165.77952746373003,168.30737316185164,76575500,-0.011909012948068343,171.34569702148437,164.893525390625,0
2022-04-11,162.39927673339844,165.61296861541499,162.1543306146452,165.29944535757966,72246700,-0.025515866384963837,170.38060760498047,164.80802337646483,1
2022-04-12,164.2706756591797,166.4359910689201,163.27129126604743,164.62339868320723,79265200,0.011523443721078941,169.27345123291016,164.67286010742188,1
2022-04-13,166.9552764892578,167.58233798502656,163.39866884231074,164.00613046155772,70618900,0.016342544518706426,168.5513488769531,164.59471588134767,0
2022-04-14,161.94857788085938,167.80770011623432,161.70363174912274,167.17083120352376,75329400,-0.029988262208176297,167.63819122314453,164.39236572265625,0
2022-04-18,161.73300170898438,163.23207049318052,160.26332525778645,160.60624079287277,69023900,-0.0013311396413347998,166.7328674316406,164.2432421875,1
2022-04-19,164.0159149169922,164.4274375522312,160.59647667199232,161.6840380358106,67723800,0.014115320830535127,165.65118255615235,164.14545959472656,0
2022-04-20,163.84938049316406,165.46603411276996,162.7422340206999,165.34844979022682,67929800,-0.0010153552715442826,164.8840118408203,164.0586508178711,0
2022-04-21,163.05572509765625,168.062424195949,162.55604041418727,165.4953937411617,87227800,-0.004843810779870061,164.35394744873048,163.89385040283204,0
2022-04-22,158.51934814453125,164.4764404677371,158.2352171809879,163.09495550660975,84882400,-0.027821022232786374,163.33987121582032,163.60990936279296,1
2022-04-25,159.58731079101562,159.87144172970685,155.2566649146805,157.862880430984,96046400,0.006737112276733903,162.6334487915039,163.42884552001954,0
2022-04-26,153.6302490234375,159.05824986254345,153.5518644508096,158.9700728247103,95623200,-0.03732791622373455,161.7565460205078,163.1968328857422,0
2022-04-27,153.40487670898438,156.55976925790796,152.23893068313222,152.75821530720194,88063200,-0.001466978774595007,160.6699661254883,162.9556103515625,1
2022-04-28,160.3319549560547,161.194170207573,155.7171628080034,156.03070106321982,130216800,0.04515552827053382,160.00763397216798,162.7763101196289,0
2022-04-29,154.46299743652344,162.84015665375182,154.07108967503086,158.56829627206238,131747600,-0.03660503934564929,159.2590759277344,162.48433349609374,1
2022-05-02,154.76675415039062,155.0312851805643,150.17156281104934,153.54202362072925,123055300,0.0019665338554109013,158.562451171875,162.2703485107422,1
2022-05-03,156.25599670410156,157.46114216293424,153.15988966395724,154.95288178500678,88966500,0.009622496523147284,157.78645935058594,162.1171090698242,1
2022-05-04,162.66383361816406,163.1145261346623,156.04048055543203,156.44219580516028,108256500,0.04100858238546112,157.66790466308595,162.1504214477539,0
2022-05-05,153.60081481933594,160.76303686900772,151.8175999162394,160.5376906280676,130525300,-0.05571624987089996,156.7224136352539,162.08575592041015,1
2022-05-06,154.32691955566406,156.44636712680793,151.2851189689877,153.0807608024048,116124600,0.004727219300119989,156.30317077636718,161.98329162597656,0
2022-05-09,149.2049560546875,152.90417564451926,148.64566602154656,152.0210648420898,131577900,-0.033189047741791544,155.2649353027344,161.7370407104492,1
2022-05-10,151.60891723632812,153.7970575708187,150.05858149525076,152.599963074193,115366700,0.01611180516523536,155.06280212402345,161.5335791015625,0
2022-05-11,143.74932861328125,152.53128118939546,143.07228159830737,150.61789721596364,142689800,-0.051841202788852736,154.0972473144531,161.21054962158203,0
2022-05-12,139.88328552246094,143.45494014257622,136.1938888181264,140.08934914213407,182602000,-0.02689433841615263,152.05238037109376,160.74435729980468,1
2022-05-13,144.347900390625,145.31931779066926,140.4230033804494,141.87521108197208,113990900,0.03191671436289778,151.0408706665039,160.37392364501954,0
2022-05-16,142.8073272705078,144.75016147394118,141.472862097978,142.817149092285,86643800,-0.010672639615458168,149.8449279785156,160.0326412963867,1
2022-05-17,146.4379119873047,146.9579596403424,143.92596533868675,146.06504198237434,78336300,0.025422958234627258,148.86311950683594,159.83980529785157,0
2022-05-18,138.1759796142578,144.59317839270622,137.27324030149254,144.09275951105042,109742900,-0.056419353847131704,146.41433410644532,159.51817932128907,0
2022-05-19,134.77114868164062,139.00022255113117,134.03523053806913,137.25364468817165,136095600,-0.02464126501670094,144.53136749267577,159.02048431396486,1
2022-05-20,135.00662231445312,138.0582299092985,130.1201304167111,136.47845848613497,137426100,0.0017472109952014758,142.59933776855468,158.61430786132811,1
2022-05-23,140.42295837402344,140.57013597581613,135.06546908443286,135.20283983686906,117726300,0.0401190398420217,141.72113800048828,158.3907257080078,0
2022-05-24,137.72462463378906,139.30439614103204,134.7515166065387,138.16617251433556,104132700,-0.019215759100069896,140.33270874023438,158.19371459960936,1
2022-05-25,137.8816375732422,139.12778160669652,135.74256089517434,135.83086748545804,92482700,0.0011400498630556033,139.74593963623047,157.91225189208984,1
2022-05-26,141.0803985595703,141.62988165478208,134.56507119637524,134.81037721904417,90601500,0.02319932546949155,139.86565093994142,157.6065835571289,1
2022-05-27,146.83035278320312,146.86959515379783,142.53258704704527,142.6601509529846,90978500,0.04075657768435437,140.11389617919923,157.3957305908203,0
2022-05-31,146.04537963867188,147.8312145429356,144.08293159739236,146.2710719434681,103718400,-0.005346123125443136,140.4377014160156,157.10333679199218,0
2022-06-01,145.91783142089844,148.89093902040028,144.90715690011942,147.08547543452738,74286600,-0.000873346476889636,140.385693359375,156.78095764160156,1
2022-06-02,148.37088012695312,148.42975116841052,144.10254995382152,145.05433838348728,72348100,0.016811164764221953,141.40518341064453,156.44023040771484,0
2022-06-03,142.6503448486328,145.19171132509297,141.74762059734428,144.14179449565412,88570300,-0.03855564699370628,142.19310302734374,155.95785430908202,1
2022-06-06,143.39608764648438,145.78046996633253,142.17936438712687,144.2693764860653,71598400,0.0052277672279228415,143.03204956054688,155.41475402832032,1
2022-06-07,145.91783142089844,146.20237980048756,141.39438806442126,141.63969407079793,67808200,0.01758586176096344,143.58153686523437,154.90935119628907,0
2022-06-08,145.1819305419922,147.0560572730291,144.69131847131706,145.79028471849585,53950200,-0.005043255315270945,144.3272674560547,154.37198638916016,0
2022-06-09,139.96180725097656,145.17210490927135,139.85387199936835,144.31844471982856,69473000,-0.035955736857389176,144.53528442382813,153.66437774658203,0
2022-06-10,134.5552978515625,138.11713200650152,134.48660496140988,137.64614851793758,91437900,-0.0386284623327221,143.88277435302734,152.8719577026367,0
2022-06-13,129.40383911132812,132.6614953380435,128.97209811172078,130.37524138815306,122207100,-0.03828506809087007,142.14012298583984,152.03843139648438,1
2022-06-14,130.26730346679688,131.3760914682962,129.01133784221852,130.63036655754385,84784300,0.006672633218601121,140.56231536865235,151.22805267333985,1
2022-06-15,132.88719177246094,134.76133366612893,129.67859928442957,131.7685967366082,91533000,0.0201116338170908,139.2592514038086,150.38914123535156,0
2022-06-16,127.61799621582031,129.9042500251396,126.61714350302216,129.60007296838003,108123900,-0.03965164352079109,137.1839630126953,149.51107940673828,1
2022-06-17,129.08984375,130.58130861525225,127.37270152778396,127.62782938306579,134520300,0.01153322868109119,135.82791290283203,148.72574890136718,1
2022-06-21,133.3189239501953,134.48658311474856,130.8168142802015,130.91492771438774,81000500,0.03276075078675822,134.82019653320313,148.01892517089843,0
2022-06-22,132.80870056152344,135.17343948860204,131.395735327504,132.2592024365102,73409200,-0.0038270890099779686,133.50928344726563,147.34206848144532,1
2022-06-23,135.6739044189453,135.9878884469951,133.08347255527482,134.2511320078306,72433800,0.02157391680897125,132.55848083496093,146.80756103515625,1
2022-06-24,139.0001983642578,139.24550436943025,137.14568556404583,137.27323450557805,89116800,0.02451682922783216,132.46231994628906,146.30215148925782,0
2022-06-27,139.0001983642578,140.79584011879487,138.32315139441545,140.02066475796738,70207900,0.0,132.90680999755858,145.7430499267578,0
2022-06-28,134.8594512939453,140.7271675936439,134.7417091855751,139.46139501178652,67083400,-0.0297895047563993,133.4523712158203,145.20126739501953,1
2022-06-29,136.61582946777344,138.02879459026983,134.1038981265762,134.87907356263912,66242400,0.013023767759516192,134.08722381591798,144.6989239501953,0
2022-06-30,134.15293884277344,135.77195236171494,131.25833120197146,134.67298633539292,98964500,-0.018027856907906648,134.21379852294922,144.10166442871093,1
2022-07-01,136.32147216796875,136.42940742984914,133.11287978462988,133.48573480288584,71051600,0.016164635258097748,135.08414611816406,143.55110626220704,1
2022-07-05,138.9020538330078,138.95111802279916,134.3589823539813,135.18322181452564,73353800,0.018930118814000085,136.06536712646485,143.06803283691406,1
2022-07-06,140.23655700683594,141.41402301996357,138.4311081218874,138.69604284083624,74064300,0.009607512178563704,136.75713043212892,142.70237701416016,1
2022-07-07,143.6021728515625,143.79841470419998,140.58980726193488,140.59961411426397,66253700,0.023999561288163385,137.83647766113282,142.3826742553711,1
2022-07-08,144.27920532226562,144.77963926575595,142.27751446518533,142.53262737695925,64547800,0.004714639460246639,138.69700775146484,142.19565338134765,0
2022-07-11,142.14991760253906,143.88668829327412,141.08038702449986,142.93489980535588,63141600,-0.014758105403828159,139.01197967529296,141.97055419921875,1
2022-07-12,143.121337890625,145.66270453987497,142.32654882035914,143.0232094985196,77588800,0.006833773135219712,139.4240936279297,141.62634185791015,0
2022-07-13,142.75830078125,143.7002675399076,139.45156535802397,140.3052405126538,71185600,-0.002536568723612964,140.21397857666017,141.39224792480468,1
2022-07-14,145.68234252929688,146.1533259024835,140.56035155748177,141.3747693527097,78140700,0.020482463941115414,141.1206298828125,141.21055969238282,1
2022-07-15,147.35043334960938,148.0274804295402,145.41742051675783,146.96775651820843,76259900,0.011450192187684172,142.44037933349608,141.03244842529296,0
2022-07-18,144.3086395263672,148.7241480973096,143.9455764182645,147.9097302753274,81420900,-0.0206432635052054,143.23909606933594,140.66534454345702,1
2022-07-19,148.1648406982422,148.3905180514349,144.15163767930207,145.14266864096726,82982400,0.02672190095153959,144.16537475585938,140.55662506103516,1
2022-07-20,150.16653442382812,150.83377461851506,147.5466677906739,148.28258588894056,64823400,0.013509910422423665,145.1583724975586,140.47341735839845,1
2022-07-21,152.43313598632812,152.64900643805024,149.08715895692373,151.5990896981029,65086600,0.015093919368897257,146.04146881103514,140.53798095703124,0
2022-07-22,151.1968231201172,153.34570636779952,150.5295978961148,152.47241748797757,66675400,-0.00811052569516002,146.7332305908203,140.52973907470704,0
2022-07-25,150.07823181152344,152.1289867062053,149.42081342303993,151.11832702232695,53623900,-0.007398246110667861,147.52606201171875,140.65631713867188,0
2022-07-26,148.75357055664062,150.21558479499407,147.96858832963514,149.4011670445513,55138700,-0.008826471626787291,148.08928527832032,140.83372283935546,1
2022-07-27,153.8461151123047,154.37598449377768,149.3030578563077,149.71517016840275,78620700,0.03423477188888713,149.19806671142578,141.02368713378905,1
2022-07-28,154.39559936523438,154.68014773185416,151.5107984661639,154.03253631118739,81378700,0.003571648543277073,150.06939239501952,141.2554525756836,1
2022-07-29,159.45875549316406,160.5577368895676,156.505275742224,158.21261141307434,101786900,0.03279339663012304,151.280224609375,141.51586944580077,0
2022-08-01,158.4774932861328,160.51844113720935,157.8691391572039,157.98688125382472,67829400,-0.006153705414271293,152.69710998535157,141.92189971923827,0
2022-08-02,157.0056610107422,159.36060780651525,156.63280603827062,157.0939825576486,59907000,-0.009287326830272447,153.58119201660156,142.3665899658203,1
2022-08-03,163.01072692871094,163.46208152613104,157.7317376970793,157.82004425236303,82507500,0.038247448399697515,154.86561126708983,142.92667205810548,0
2022-08-04,162.69677734375,164.05087149041262,161.3426831970874,162.8930191834261,55474100,-0.0019259443281804955,155.89197540283203,143.3721484375,0
2022-08-05,162.4707794189453,162.96207295817032,160.1616937873522,160.36804367078585,56697000,-0.0013890743780817782,157.01937103271484,143.86707153320313,0
2022-08-08,161.9990997314453,164.88790765782107,161.34076829816232,163.47298010260957,60276900,-0.002903166275110558,158.21145782470703,144.3494207763672,1
2022-08-09,162.0482635498047,162.9326009401167,160.40734488370262,161.16394115258205,63135500,0.00030348204675756385,159.54092712402343,144.76877807617188,1
2022-08-10,166.29306030273438,166.3913100252121,163.99379489901474,164.76021170255777,70170500,0.026194645101057068,160.7856216430664,145.1580322265625,0
2022-08-11,165.55609130859375,168.0125588424397,165.26131220591463,167.09874512344325,57149200,-0.004431748341145347,161.90167083740235,145.54824645996095,1
2022-08-12,169.10324096679688,169.1720142653812,166.45024387983412,166.86294364369544,68039400,0.02142566685505587,162.86611938476562,146.01195465087892,1
2022-08-15,170.17425537109375,170.37076978453467,168.36629877849532,168.53333677957454,54091700,0.006333494249865845,164.03579559326172,146.44802215576172,0
2022-08-16,170.0170135498047,170.68518045173758,168.67087426733767,169.7713668198312,56377100,-0.0009240047558672915,165.33693084716796,146.99535552978514,1
2022-08-17,171.51060485839844,173.08273543845684,169.56508633127143,169.76160077964232,79542000,0.008784952031616555,166.18691864013672,147.55764587402345,0
2022-08-18,171.1175079345703,171.85444813238172,170.10544459568962,170.72447915963892,62290100,-0.002291968617058271,167.02899169921875,148.06163940429687,0
2022-08-19,168.53334045410156,170.71468497495962,168.32699056998192,170.01704154998163,70346300,-0.015101712920321697,167.63524780273437,148.52866760253906,0
2022-08-22,164.65213012695312,166.9022480242965,164.22960987091767,166.73521001384654,69026800,-0.02302933245547012,167.90055084228516,149.02247406005858,0
2022-08-23,164.3180389404297,165.77227866474297,163.74813661491604,164.17065687050786,54147100,-0.0020290729689670384,168.12752838134764,149.61772888183594,1
2022-08-24,164.61279296875,165.18269520734955,163.35508285359487,164.40645810232692,53841500,0.0017938020087202577,167.95950164794922,150.32190795898438,1
2022-08-25,167.06924438476562,167.17732954023958,165.41850563907502,165.84101079669136,51218200,0.014922603351259278,168.1108169555664,151.05794677734374,0
2022-08-26,160.7708740234375,168.07150295198872,160.71192120457525,167.59986540800332,78961000,-0.03769916111443461,167.27758026123047,151.6156204223633,0
2022-08-29,158.56991577148438,160.0634374134409,157.03708224821386,158.3439099366534,73314000,-0.013690031016639681,166.11714630126954,152.23465881347656,0
2022-08-30,156.14291381835938,159.7293506019625,154.97363281420544,159.3068453614504,77906200,-0.015305563740240391,164.729736328125,152.77572021484374,0
2022-08-31,154.4823455810547,157.78383884788298,154.40373681361956,157.5185361319256,87991100,-0.010634925381477256,163.02691040039062,153.19898864746094,1
2022-09-01,155.20945739746094,155.66143904544523,151.97673759886456,153.91243529158203,74229900,0.004706763181717477,161.43610534667968,153.64700378417967,0
2022-09-02,153.09689331054688,157.56766760419046,152.2715237467297,156.9682888748041,76957800,-0.013611052588787809,159.89246063232423,153.9954635620117,0
2022-09-06,151.8391876220703,154.3546082697241,151.01381803326322,153.74540904842692,73714800,-0.00821509608248805,158.61116638183594,154.25224334716796,1
2022-09-07,153.24429321289062,153.9419216691413,150.93520749298594,152.1241445003408,87449600,0.009253906141263313,157.50379180908203,154.5371252441406,0
2022-09-08,151.7704315185547,153.63734127524165,150.0214124396559,151.9472900248741,84923800,-0.009617726464295928,156.2195556640625,154.8753448486328,1
2022-09-09,154.6297149658203,155.07189112050955,152.0553417641127,152.76280561990976,68028800,0.018839529008758626,154.97560272216796,155.23562255859375,1
2022-09-12,160.5841827392578,161.39973173078485,156.5261087123494,156.81105233922636,104956000,0.03850791404972642,154.95693359375,155.76424743652345,0
2022-09-13,151.1611785888672,157.7445084078153,150.6993615052029,157.11565333541313,122656600,-0.0586795286413162,154.21605987548827,156.0610415649414,1
2022-09-14,152.6055908203125,154.3644300184662,150.9351958505273,152.0946413613245,87965400,0.009555444360313414,153.8623275756836,156.3351123046875,0
2022-09-15,149.71676635742188,152.5368010537083,148.7440148881969,151.9570633678186,90481100,-0.01893000411952217,153.38576965332032,156.52471649169922,0
2022-09-16,148.0758514404297,148.71454195841454,145.7864220311532,148.57698038414023,162278800,-0.010960127959715571,152.6724090576172,156.61419006347657,1
2022-09-19,151.79005432128906,151.86866309017464,146.50374580326707,146.71008070263835,81474200,0.025083110073174764,152.5417251586914,156.76440704345703,1
2022-09-20,154.1678924560547,155.32735289857166,150.41441795742156,150.72883799724963,107689800,0.01566530920222564,152.77459564208985,157.00476654052736,0
2022-09-21,151.04327392578125,155.9758648340084,150.92536828428254,154.600234046477,101696800,-0.020267634722736516,152.55449371337892,157.16320526123047,0
2022-09-22,150.08038330078125,151.78025506037338,148.28224681807626,149.72665128790337,86652500,-0.006374932163302649,152.38548889160157,157.3096469116211,0
2022-09-23,147.81056213378906,148.8324610577634,145.97312915554878,148.55733788432917,96029900,-0.01512403631354775,151.70357360839844,157.35221130371093,1
2022-09-26,148.14463806152344,151.09239889982268,147.0343100146429,147.05396595162924,93339400,0.0022601627577329975,150.459619140625,157.36809539794922,1
2022-09-27,149.11737060546875,152.02583419352277,147.33889085777966,150.08031648538008,84442700,0.0065661002428001325,150.25523834228517,157.46427001953126,0
2022-09-28,147.23086547851562,148.016938253305,142.3179293774459,145.06917659266318,146691400,-0.012651142648862801,149.71776580810547,157.44559051513673,0
2022-09-29,139.99899291992188,144.16516723784525,138.2303333041484,143.55596808972413,128138200,-0.04911926948937928,148.74598846435546,157.2422396850586,0
2022-09-30,135.79351806640625,140.60820327947016,135.59700366840286,138.8198877735382,124925300,-0.03003932218227534,147.51775512695312,156.90944732666014,1
2022-10-03,139.9695281982422,140.57874239032802,135.29241903979042,135.8033685254817,114311700,0.030752647043092107,146.33570251464843,156.68490142822264,1
2022-10-04,143.55596923828125,143.67387488258018,141.7479977315321,142.504593932989,87830100,0.02562301299579639,145.2745101928711,156.5544561767578,1
2022-10-05,143.8507537841797,144.81369999304195,140.51978392175167,141.5613389023429,79471000,0.0020534468017079366,144.55525817871094,156.45639984130858,0
2022-10-06,142.8976287841797,144.97088807825529,142.69129389793306,143.27101666436323,68402200,-0.006625790793074238,143.83698272705078,156.2374301147461,0
2022-10-07,137.650634765625,140.60823177983056,137.0217795686969,140.05797036356424,85925600,-0.03671855203755203,142.82098999023438,155.9025308227539,1
2022-10-10,137.97488403320312,139.41928832461434,136.15710682488464,137.97488403320312,74899000,0.0023555958759668982,141.80401458740235,155.4728533935547,0
2022-10-11,136.55995178222656,138.88869341854974,135.8131909792421,137.46393012049913,77033700,-0.010254998660742198,140.54827270507812,155.03450256347656,0
2022-10-12,135.9311065673828,137.91593686444165,135.7542480720767,136.70735883391194,70433700,-0.0046049021447120975,139.41829681396484,154.61301147460938,1
2022-10-13,140.50013732910156,141.08968060374895,132.03022618093473,132.6394403890868,113224000,0.033612841660005444,139.46841125488282,154.1627996826172,0
2022-10-14,135.97039794921875,142.00348171103434,135.78370401470698,141.79713183786654,88598000,-0.032240106422618986,139.48609924316406,153.62827209472655,1
2022-10-17,139.9302215576172,140.41167960335844,137.82748592791265,138.61355854500806,85250900,0.02912268896850123,139.48216857910157,153.1774609375,1
2022-10-18,141.24688720703125,144.1455159806622,138.1615644966325,142.95659405664904,99136600,0.009409444469949069,139.25126037597656,152.76241668701172,1
2022-10-19,141.35498046875,142.42599680685538,139.03607431855443,139.22276826600364,61758300,0.0007652788946796996,139.0016830444336,152.34855102539063,0
2022-10-20,140.89312744140625,143.34959455977452,140.1660077768585,140.5295751056751,64522000,-0.0032673275876957675,138.80123291015624,151.84055236816405,1
2022-10-21,144.7056121826172,145.2755145225026,140.16604940438248,140.38221977444553,86548600,0.027059408861489276,139.50673065185546,151.42354278564454,1
2022-10-24,146.84762573242188,147.6140424012265,143.45770354454174,144.62698448602487,75981900,0.014802560298086354,140.39400482177734,150.97843048095703,1
2022-10-25,149.68734741210938,149.8347445046668,146.75924142236417,147.47652596158085,74732300,0.019337879421093884,141.7067443847656,150.56869232177735,0
2022-10-26,146.74937438964844,149.34340346890698,145.4621728259598,148.33134005875115,88194300,-0.019627397193246465,142.7885711669922,150.10333953857423,0
2022-10-27,142.27862548828125,146.4546209688135,141.62029388228584,145.49168973842666,109180200,-0.030465199050842107,142.96641998291017,149.51869995117187,1
2022-10-28,153.02810668945312,154.75745443354808,145.24601935139384,145.6193922207591,164762400,0.07555232674114665,144.67219085693358,149.15691192626954,0
2022-10-31,150.669921875,151.5542593756546,149.2746498110423,150.49306337072383,97943200,-0.015410141741077021,145.74616088867188,148.7996435546875,0
2022-11-01,148.02674865722656,152.7431699919974,146.5332269791364,152.37961754304112,80379300,-0.017542806054988813,146.4241470336914,148.46713592529298,0
2022-11-02,142.504638671875,149.5203115788826,142.47516225154624,146.35637919012498,93604600,-0.037304811700881624,146.53911285400392,148.0308679199219,0
2022-11-03,136.461669921875,140.313408670562,136.33392883040858,139.58628898595558,97918500,-0.042405417860918004,146.0959671020508,147.46784545898439,0
2022-11-04,136.1959686279297,140.4182534262788,132.25910018387182,139.84740569973505,140814800,-0.0019470763775456534,145.24500274658203,146.85037994384766,1
2022-11-07,136.72743225097656,136.95379796987663,133.52872680415337,134.94600177423487,83374600,0.003902197902044824,144.2329833984375,146.36951110839843,1
2022-11-08,137.2982635498047,139.19779504119253,135.31999290082103,138.1939045722533,89908500,0.004174958085809033,142.99407501220702,145.94407806396484,0
2022-11-09,132.74134826660156,136.36327480735815,132.46576869499577,136.31406095143706,74917800,-0.03318989742029854,141.59327239990233,145.47604675292968,1
2022-11-10,144.55194091796875,144.55194091796875,137.298266687944,139.0108096143879,118854000,0.08897448161854182,141.8206039428711,145.27743865966798,1
2022-11-11,147.33731079101562,147.6424157179768,142.09143135008082,143.51855829432515,93979700,0.019268989785668378,141.25152435302735,145.11999572753905,0
2022-11-14,145.93968200683594,147.9081158240503,145.10309162733654,146.6187940766482,73374100,-0.0094859121337032,140.77850036621095,144.97685150146484,1
2022-11-15,147.67193603515625,151.1659099557232,146.21529884381314,149.8175372526668,89868300,0.01186965741256829,140.7430191040039,144.89350646972656,0
2022-11-16,146.441650390625,147.50460662223392,144.96532479416157,146.77629560614008,64218300,-0.008331208200848317,141.1367202758789,144.75745361328126,1
2022-11-17,148.3411865234375,149.0891860323431,143.8433076526517,144.11888720950952,80389400,0.012971283290959867,142.32467193603514,144.6888687133789,1
2022-11-18,148.90220642089844,150.28995621048665,147.6030475887024,149.90611212166033,74829600,0.0037819563845291615,143.59529571533204,144.57431854248046,0
2022-11-21,145.67393493652344,147.9966873729924,145.3885186493538,147.79001023834212,58724100,-0.02168048118272825,144.4899459838867,144.2761135864258,1
2022-11-22,147.80970764160156,148.04592513732047,144.6110022662971,145.7920747269315,51804100,0.0146613236335571,145.5410903930664,144.20908416748046,1
2022-11-23,148.6857147216797,149.43371446322294,146.98300797972192,147.091272483442,58301400,0.005926586920814492,147.13552703857422,144.1306866455078,0
2022-11-25,145.7723846435547,146.5302359602774,144.79800437919693,145.96922504559745,35195900,-0.019593880175902356,147.2575714111328,144.05179901123046,0
2022-11-28,141.9437713623047,144.32557460653223,141.11703271911014,142.84924916455952,69246000,-0.02626432496533415,146.7182174682617,143.92915740966797,0
2022-11-29,138.94190979003906,142.5244590100729,138.13485967272496,142.01266197350824,83763800,-0.021148244431265062,146.01844024658203,143.67219451904296,1
2022-11-30,145.69366455078125,146.3727767919922,138.3317244213744,139.16829999405587,111380900,0.04859408346225447,145.82061309814452,143.5027099609375,1
2022-12-01,145.96923828125,146.77630352615344,144.29607218523327,145.87082558028513,71250400,0.00189145994315143,145.77337188720702,143.4012292480469,0
2022-12-02,145.47711181640625,145.66411544857186,143.35119950014382,143.65631938407483,65447400,-0.0033714395624613314,145.4869644165039,143.30916381835937,0
2022-12-05,144.31576538085938,148.5380503426706,143.46933803189978,145.43777233013495,68826400,-0.00798301822909786,145.0283203125,143.23926788330078,0
2022-12-06,140.6544647216797,144.97517704731527,139.68008441838234,144.74881132681773,64727200,-0.025370067154598552,144.52637329101563,143.08946441650392,0
2022-12-07,138.715576171875,141.10721678685633,137.79040959032307,139.94584768607433,69721100,-0.013784763630797392,143.61696014404296,142.88142852783204,1
2022-12-08,140.3985595703125,141.25483863673134,138.87303512029186,140.11314322681335,62128300,0.012132620177796039,142.78824462890626,142.74478240966798,0
2022-12-09,139.91632080078125,143.272505058159,138.676197516891,140.09347268821548,76097000,-0.003434784309804373,142.2026382446289,142.74312896728514,1
2022-12-12,142.20953369140625,142.21937045590607,138.8336612407948,140.44777667846864,70462700,0.016389888452614354,142.22921447753907,142.87144927978517,1
2022-12-13,143.17404174804688,147.6030180487257,141.9634590975565,147.14043487810696,93886200,0.006782302364717774,142.65242767333984,142.93553955078124,0
2022-12-14,140.94973754882812,144.34528354143862,138.93208948952125,143.05596154285573,82291200,-0.01553566674560325,142.17803497314452,142.8834149169922,0
2022-12-15,134.34559631347656,139.56194847795751,133.8830132053196,138.88283646734595,98931900,-0.04685458341533799,141.0156707763672,142.69331176757814,0
2022-12-16,132.3870086669922,135.47744910553232,131.61932069307161,134.53260929976452,160156900,-0.014578726063445235,139.70666046142577,142.48309936523438,0
2022-12-19,130.28077697753906,133.06611240851234,129.24736132043492,132.9775364981246,79592600,-0.015909655416047386,138.30316162109375,142.33570220947266,0
2022-12-20,130.2119140625,131.14691722297425,127.83994745250583,129.31627297471567,77432800,-0.0005285731067672383,137.25890655517577,142.1804428100586,1
2022-12-21,133.31219482421875,134.6507305969255,130.65481182459862,130.88117753836192,85928000,0.023809501488708973,136.71856842041015,142.11548767089843,0
2022-12-22,130.1430206298828,132.43624823454394,128.24348886904642,132.22957105725172,77852100,-0.023772575333522283,135.6930145263672,141.99972595214842,0
2022-12-23,129.77886962890625,130.3300288114699,127.5939064280565,128.85370313619094,63814900,-0.002798083210410307,134.67926940917968,141.78530059814454,0
2022-12-27,127.97773742675781,129.33596171498522,126.68841553829142,129.3064364059333,69007800,-0.013878470411236021,133.25608978271484,141.62544738769532,0
2022-12-28,124.05071258544922,128.96195335269854,123.88339749624971,127.62341762114275,85438400,-0.030685218540889125,131.34375686645507,141.30785720825196,1
2022-12-29,127.5643539428711,128.4206178463882,125.71402886056813,125.96991984997511,75703700,0.02832423356699043,130.00521850585938,141.03420654296875,1
2022-12-30,127.87930297851562,127.89899152283257,125.41876807644428,126.38330400552722,77034200,0.0024689423487815887,129.35858917236328,140.76469299316406,0
2023-01-03,123.09603118896484,128.83401111884518,122.21023430585915,128.2238013285794,112117500,-0.03740458133678126,128.42949142456055,140.40875106811524,1
2023-01-04,124.36566162109375,126.62936374107429,123.10586505340991,124.88729543343348,89113600,0.010314145954713139,127.83797988891601,140.00195205688476,0
2023-01-05,123.04679107666016,125.75338749760624,122.79090009423551,125.12348929490437,80962700,-0.010604780509686162,127.12146759033203,139.52593536376952,1
2023-01-06,127.57421112060547,128.2336347517989,122.91886860960567,124.02119442530204,87754700,0.036794295928649356,126.5476692199707,139.08367263793946,1
2023-01-09,128.09584045410156,131.30439758356596,127.83994943275363,128.41079711233908,70790800,0.004088830563121926,126.34295120239258,138.7106019592285,1
2023-01-10,128.6667022705078,129.18833615231142,126.09789493911427,128.20411901412172,63896200,0.004456521104686528,126.23173446655274,138.43836349487304,1
2023-01-11,131.3831329345703,131.4028064616691,128.40095662151043,129.1784814447806,69458900,0.021112149578151884,126.57227401733398,138.0054640197754,0
2023-01-12,131.30441284179688,132.14098840377943,129.36550386584642,131.76699610111268,71379600,-0.0005991643753284759,127.29764404296876,137.61815383911133,1
2023-01-13,132.633056640625,132.7905349401524,129.5819934315568,129.9461488585014,57809700,0.010118805378071638,127.80451431274415,137.3102799987793,1
2023-01-17,133.7944793701172,135.12316348796887,132.01304876349633,132.70199775252627,63646600,0.008756661113821007,128.3960319519043,137.13607681274414,0
2023-01-18,133.07598876953125,136.42232060237055,132.8988218980733,134.6605787592018,69672800,-0.005370106479493542,129.39402770996094,137.06836318969727,1
2023-01-19,133.13502502441406,134.09955338686564,131.65869966602656,131.96380450388668,58280400,0.00044362815131937516,130.27096405029297,137.00714431762697,1
2023-01-20,135.69400024414062,135.84164181281548,132.10161400912494,133.14488168206822,80223600,0.01922090163168777,131.53568496704102,136.98647567749023,1
2023-01-23,138.8828582763672,141.0579844042408,135.72351517113088,135.94004410758743,81760300,0.023500361301820094,132.6665496826172,137.0181675720215,1
2023-01-24,140.2804412841797,140.90050277108796,138.08564168128757,138.0954784443646,66435100,0.010063034597339593,133.885009765625,137.16894943237304,0
2023-01-25,139.6210479736328,140.1820439497328,136.61918260935104,138.6663561197799,65799300,-0.004700536329302563,134.9804443359375,137.07033157348633,1
2023-01-26,141.6878662109375,141.97328249331738,139.6603668579937,140.91032647908082,54105100,0.014803056324967478,136.01091766357422,136.95734268188477,1
2023-01-27,143.6267852783203,144.9062704324847,140.82177572822627,140.90051489349364,70555800,0.013684439742329468,137.24315490722657,136.91108474731445,0
2023-01-30,140.7430419921875,143.2527985417942,140.59541543784155,142.6721140707524,64015300,-0.020078032663229828,138.0541534423828,136.77250686645507,1
2023-01-31,142.0126495361328,142.0618633846007,140.03437897857034,140.4477482733763,65874500,0.009020748208751872,138.87597045898437,136.68392684936524,1
2023-02-01,143.13465881347656,144.29604258311244,139.0895417079852,141.69771052689384,77663600,0.007900769973721689,139.8818374633789,136.579796295166,1
2023-02-02,148.43959045410156,148.79389409791816,145.83140682722515,146.54988091267057,118339000,0.037062523393010194,141.41229400634765,136.57054397583008,1
2023-02-03,152.06150817871094,154.89605760293438,145.4967833818238,145.69362375451536,154357300,0.02439994420308844,143.04904479980468,136.69829544067383,0
2023-02-06,149.33523559570312,150.68362304726807,148.40023248441526,150.16198925829823,69858300,-0.017928748804751704,144.0942825317383,136.72880599975585,1
2023-02-07,152.2091522216797,152.77999988075524,148.2624474794368,148.2624474794368,83322600,0.019244732259686925,145.2871536254883,136.79927474975585,0
2023-02-08,149.52223205566406,152.14025265616812,148.78406936876726,151.45130381865607,64120100,-0.01765281605472946,146.27727203369142,136.87427169799804,0
2023-02-09,148.48887634277344,151.89427520078706,148.04598151036984,151.35295261986448,56007100,-0.006911050608888192,146.957373046875,137.00517379760743,1
2023-02-10,148.85353088378906,149.17882019931434,147.08909918660703,147.32567733632254,57450700,0.002455770088621634,147.48004760742188,137.20340621948242,1
2023-02-13,151.65298461914062,152.0571182724141,148.7648180243575,148.79438841262413,62199000,0.01880676742251497,148.5710418701172,137.3225926208496,0
2023-02-14,151.0122528076172,151.57412024796835,148.70567235340334,149.94767374239032,61707600,-0.004224986492237903,149.47100219726562,137.42345291137696,1
2023-02-15,153.1118621826172,153.279432747917,150.696851620169,150.923562968411,65573800,0.013903569650568715,150.46872253417968,137.57614791870117,0
2023-02-16,151.5149688720703,154.09754945424802,151.16010920849044,151.31781291605773,68167900,-0.01042958584516629,150.77626037597656,137.7201319885254,0
2023-02-17,150.37155151367188,150.81512239489066,148.69583093968438,150.17441057100683,59144100,-0.007546563662392147,150.60726470947264,137.91447372436522,0
2023-02-21,146.35968017578125,149.1394173925265,146.29068760704538,148.05511953332274,58867200,-0.02667972297622978,150.30970916748046,138.06735580444337,1
2023-02-22,146.7835235595703,147.80866542554767,145.0585140913541,146.74408634882758,51011300,0.002895902637119807,149.76714630126952,138.19505508422853,1
2023-02-23,147.2665252685547,148.1931042440918,145.1373820304515,147.94667430552937,48394200,0.00329057170226843,149.54157562255858,138.34205917358398,0
2023-02-24,144.6149444580078,145.0880857046954,143.6390765358812,145.0092263234326,55469600,-0.01800531930600968,149.15418243408203,138.390167388916,1
2023-02-27,145.8076629638672,147.039812645864,145.34437348016522,145.60067024018994,44998500,0.008247546685644869,148.84959564208984,138.4428398132324,0
2023-02-28,145.304931640625,146.9510815880518,144.7332124606566,144.95007197860627,50547000,-0.003447907421482821,148.21479034423828,138.52994369506837,0
2023-03-01,143.23492431640625,145.12750429739225,142.9392054041828,144.73322244168676,55479000,-0.014245953670302014,147.4370574951172,138.70773025512696,1
2023-03-02,143.8263702392578,144.61494903595985,141.84506394442167,142.31822024697658,52238100,0.004129201908502855,146.50850830078124,138.93651748657226,1
2023-03-03,148.87327575683594,148.9521351539883,145.22611512366896,145.92596783194648,70732300,0.03509026549986971,146.2443389892578,139.3083674621582,1
2023-03-06,151.63328552246094,154.0680147422593,151.26857399298945,151.59384830577196,87558000,0.018539323136363972,146.37051239013672,139.73679489135742,0
2023-03-07,149.4351348876953,151.83042689733767,148.97184535612897,151.50513754277677,56182000,-0.01449649150047616,146.6780578613281,140.05925369262695,1
2023-03-08,150.68695068359375,151.2783884609091,149.66180891591966,150.62780991403972,47204800,0.00837698441426915,147.06840057373046,140.47013229370117,0
2023-03-09,148.43951416015625,152.33310365607178,148.08465449485655,151.36710263865677,53833600,-0.014914606163585975,147.18569946289062,140.84334518432618,0
2023-03-10,146.37937927246094,148.78453780981002,145.5020893181875,148.06496662146847,68572400,-0.013878615133922967,147.36214294433594,141.21137802124022,1
2023-03-13,148.32125854492188,150.9531285889032,145.59081050522525,145.69924028415588,84457100,0.013266071232932664,147.6135025024414,141.69678894042968,1
2023-03-14,150.41094970703125,151.2093801741156,147.956517536496,149.11965944141213,73695900,0.01408895247120956,148.12410430908204,142.1537208557129,1
2023-03-15,150.8052978515625,151.06157961922946,147.7791304398882,149.03099896531148,77167900,0.002621804764209923,148.88114166259766,142.61224075317384,1
2023-03-16,153.62442016601562,154.22570978036399,149.47453364061312,149.98711209240733,76161100,0.018693788312582837,149.86094665527344,143.22280853271485,0
2023-03-17,152.78656005859375,154.50171782493953,152.07684064085686,153.8511391851991,98944600,-0.005453951308759586,150.2522750854492,143.79122650146485,1
2023-03-20,155.15228271484375,155.5662982460434,151.94869352566715,152.85556893212473,73641400,0.015483840040267483,150.6041748046875,144.43333633422853,1
2023-03-21,157.00543212890625,157.1237136794573,154.30455474450915,155.07342994575768,73938300,0.011944067993304497,151.3612045288086,145.02196075439454,0
2023-03-22,155.57614135742188,159.82459083880553,155.55642275206148,157.02515051318744,75701800,-0.009103447900521533,151.8501235961914,145.57156677246093,1
2023-03-23,156.66043090820312,159.24302685232914,155.4282812343858,156.56186795883147,67622100,0.006969510500264953,152.6722152709961,146.13144134521485,1
2023-03-24,157.9615936279297,158.0503047976887,155.59587218901564,156.5914437450547,59196500,0.008305624542096268,153.83043670654297,146.66301055908204,0
2023-03-27,156.01971435546875,158.47416184588545,155.61556566491817,157.6560126824132,52390300,-0.012293363392084644,154.60028228759765,147.15731658935547,0
2023-03-28,155.39869689941406,156.22671283698608,153.75254688783264,155.71413440722972,45992200,-0.003980378111959504,155.09905700683595,147.61262939453124,1
2023-03-29,158.47418212890625,158.75018247951246,157.07446176772007,157.09416533498404,51305700,0.019790933198641225,155.8659454345703,148.10622344970704,1
2023-03-30,160.04147338867188,160.14990317241256,158.96704237580855,159.22332411879057,49501700,0.009889883883361872,156.50765075683594,148.64553314208985,1
2023-03-31,162.545166015625,162.64374399803975,159.59787385661696,160.1203040734608,68749800,0.015644023851697053,157.48351135253907,149.23373596191405,1
2023-04-03,163.79702758789062,163.91530912930577,161.87487733545584,161.92416632467473,56976200,0.007701622896280291,158.34798583984374,149.79579650878907,0
2023-04-04,163.26478576660156,164.4574983782598,162.75220722625122,164.22093523724538,46278300,-0.0032493985338254427,158.9739212036133,150.28343505859374,0
2023-04-05,161.42144775390625,162.69303455117807,159.489445623491,162.38746386000238,51511700,-0.01129048131255006,159.5584518432617,150.7062551879883,1
2023-04-06,162.30862426757812,162.60434321282244,159.686606015777,160.1104583059446,45390100,0.005496026246923691,160.1232711791992,151.16000671386718,0
2023-04-10,159.7161865234375,159.7161865234375,157.79403581892626,159.11489681167845,47716900,-0.015972273536536186,160.29873046875,151.52057312011718,0
2023-04-11,158.5037384033203,160.04145880285023,158.21787125365222,160.03160702009572,47644200,-0.007591266398908614,160.54713287353516,151.8181121826172,0
2023-04-12,157.81370544433594,159.74570733298748,157.49826796976373,158.91770652356539,50133100,-0.004353417565638451,160.78863372802735,152.15952545166016,1
2023-04-13,163.19580078125,163.432378995954,159.11492058319098,159.32192840116866,68445600,0.034104105988515876,161.26079559326172,152.5831884765625,0
2023-04-14,162.8507843017578,163.94493394539444,161.48063430124813,162.23962776220338,49386500,-0.0021141259630488296,161.5417266845703,152.97751098632813,1
2023-04-17,162.87049865722656,163.0282174547124,161.6876377578676,162.73249846964956,41516200,0.00012105778644722065,161.57425994873046,153.2661291503906,1
2023-04-18,164.09275817871094,165.019337094876,163.28446081239204,163.72804670609275,49923000,0.0075044868871969594,161.6038330078125,153.50675415039063,1
2023-04-19,165.2362060546875,165.7586363174907,163.17604035173306,163.43233711220313,47720200,0.0069683018840553945,161.80097503662108,153.8247735595703,0
2023-04-20,164.2701873779297,165.47276665465435,163.1957564794937,163.71818673436218,52456400,-0.005846289380658454,162.08584899902343,154.0659942626953,0
2023-04-21,162.66348266601562,164.07305473489896,162.14105238473394,162.69305305620966,58337300,-0.009780866130124855,162.1213348388672,154.32881927490234,1
2023-04-24,162.96902465820312,163.23517316391397,161.5495860155954,162.64373538253156,41949600,0.0018783686859504822,162.44661865234374,154.61842224121094,0
2023-04-25,161.43133544921875,163.93505711689548,161.3918982344198,162.83105575677226,48714100,-0.009435469177099032,162.7393783569336,154.86997833251954,0
2023-04-26,161.42144775390625,162.91974586384254,160.47516529354857,160.73144699304368,45498800,-6.125016115976489e-05,163.10015258789062,155.06534759521483,1
2023-04-27,166.00506591796875,166.1529178634098,162.83104713478986,162.83104713478986,64902300,0.02839534787874287,163.3810791015625,155.36520385742188,1
2023-04-28,167.25689697265625,167.42448254310634,165.48261369922477,166.08390326571939,55275900,0.007540920801212714,163.82169036865236,155.64810455322265,0
2023-05-01,167.168212890625,168.01593249804148,166.2317821133474,166.86264216717663,52472900,-0.0005302267567820484,164.2514617919922,155.96116943359374,0
2023-05-02,166.13319396972656,167.91735928630777,165.14747425578494,167.6610625345139,48425700,-0.006191481639967189,164.45550537109375,156.27640228271486,0
2023-05-03,165.05874633789062,168.47919460136384,164.7728942678528,167.07947455454496,65136000,-0.006467386836803479,164.43775939941406,156.65038360595702,0
2023-05-04,163.4224853515625,164.6546351492701,161.9636242025262,162.53534351356944,81235400,-0.009913203769151058,164.35298919677734,156.98316284179688,1
2023-05-05,171.09136962890625,171.81094077356033,168.32148473339686,168.5383442631647,113453200,0.046926738758415354,165.1957778930664,157.4596597290039,0
2023-05-08,171.0223846435547,171.36739258858663,169.65223472844943,170.0169462399646,55962800,-0.00040320552404948806,166.00111389160156,157.98780853271484,0
2023-05-09,169.31707763671875,171.06179068201072,169.14950709207488,170.57879765359286,45326900,-0.00997125031550783,166.78968811035156,158.45799682617186,1
2023-05-10,171.08152770996094,171.54481722364216,169.4452292165715,170.54924563088602,53724500,0.010420981143012265,167.75569610595704,158.9735287475586,1
2023-05-11,171.26881408691406,172.09681510347738,169.71137500858376,171.36739208260082,49514700,0.0010947200405564406,168.28207092285157,159.53420654296875,0
2023-05-12,170.34095764160156,171.8117019924622,168.79122976444327,171.3773829679925,45533100,-0.005417544637412175,168.5904769897461,160.06449829101564,0
2023-05-15,169.84739685058594,170.97267098611968,169.25514096380277,170.9233138186056,37266700,-0.0028974874736472644,168.8583953857422,160.48398071289063,0
2023-05-16,169.84739685058594,170.9035679392614,169.58088019536424,169.768428394902,42110300,0.0,169.2298156738281,160.84826293945312,1
2023-05-17,170.45938110351562,170.6962714054677,168.21869827349877,169.49204389326178,57951600,0.003603141786553632,169.76987915039064,161.26874786376953,1
2023-05-18,172.78890991210938,172.97645812210007,170.35081330561755,170.76538642479474,65496700,0.013666181312597114,170.7065216064453,161.71078704833985,1
2023-05-19,172.89752197265625,174.11163026725697,172.68036243226308,174.11163026725697,55809500,0.0006285823586833494,170.88713684082032,162.19994720458985,0
2023-05-22,171.9499053955078,172.45332751081392,171.2095929310653,171.73274586766902,43570900,-0.005480799067197228,170.97988891601562,162.71135772705077,0
2023-05-23,169.343994140625,171.140492823502,169.06761204505847,170.89372201948225,50747300,-0.015155060707296553,170.98258056640626,163.13181243896486,1
2023-05-24,169.62037658691406,170.19288666082696,168.317434571077,168.88006417332414,45143500,0.0016320770493907233,170.83646545410156,163.5160009765625,1
2023-05-25,170.75552368164062,171.65375792303627,169.47231254318322,170.18301363335365,56058300,0.006692280241135551,170.7851364135742,163.91500549316407,1
2023-05-26,173.16400146484375,173.49962120538788,170.87397623432938,171.08127033696854,54835000,0.014104830879108299,171.06744079589845,164.30579711914064,1
2023-05-30,175.0098419189453,176.67801481811213,174.28927545149398,174.67423726963298,55964400,0.010659492957468375,171.58368530273438,164.75026275634767,0
2023-05-31,174.96047973632812,177.03336027410137,174.47680359439627,175.0394481918492,99625300,-0.00028205375238299357,172.0949935913086,165.14642669677735,1
2023-06-01,177.76380920410156,177.79342049505456,174.64462268903534,175.40468096744894,68901800,0.01602264392506325,172.8254364013672,165.56159423828126,1
2023-06-02,178.6127166748047,179.43199760539318,176.94454352013497,178.69168514468382,61996900,0.004775479747558986,173.4078170776367,166.02232574462892,0
2023-06-05,177.26040649414062,182.56103856696868,175.74028990045602,180.27101332814428,121946500,-0.0075711864521168515,173.84410552978517,166.43432525634765,0
2023-06-06,176.89517211914062,177.79340630920336,175.13815031318512,177.64534986625156,64848400,-0.002060439678682968,174.33863220214843,166.81299682617188,0
2023-06-07,175.5231475830078,178.86935913776645,175.02960596689772,176.135134367242,61944600,-0.007756144612068527,174.95654754638673,167.20306549072265,1
2023-06-08,178.2376251220703,178.50412674833163,175.1677956906412,175.60209965770608,50214900,0.015465068718522046,175.81827239990236,167.65984405517577,1
2023-06-09,178.62258911132812,179.87617397731293,178.2968498358667,179.1556074319137,48900000,0.0021598357192773587,176.6049789428711,168.06281219482423,1
2023-06-12,181.41600036621094,181.51471470308874,178.6324337942364,178.92856174317663,54274900,0.015638622577247352,177.4301788330078,168.490302734375,0
2023-06-13,180.9422149658203,181.7713612206094,180.08345742062403,180.4388079672042,54929100,-0.002611596548453443,178.0234161376953,168.8582437133789,1
2023-06-14,181.57394409179688,182.00826309164242,179.668880824476,181.00143405215442,57462900,0.0034913307880966027,178.68476257324218,169.21378204345703,1
2023-06-15,183.60733032226562,184.11075236554325,181.40613912687283,181.58382192499832,65433200,0.011198667521595151,179.26911468505858,169.62063293457032,0
2023-06-16,182.53143310546875,184.57470266619666,181.88983501651188,184.31805138125782,101256200,-0.0058597726730652555,179.660986328125,170.04283264160156,1
2023-06-20,182.62025451660156,183.69618663444365,182.02801364300083,182.02801364300083,49799100,0.00048660885208451354,180.19697113037108,170.44906524658202,0
2023-06-21,181.58383178710938,183.015099412311,180.23151756348105,182.51167734169172,49515700,-0.005675289043023279,180.66583709716798,170.88641815185548,1
2023-06-22,184.58456420898438,184.63392138287654,181.29757524213758,181.36667829792557,51245300,0.01652532823182784,181.5719787597656,171.40803466796876,0
2023-06-23,184.26870727539062,185.13734541827677,182.62027993546528,183.1533133637622,53117000,-0.0017111773942057873,182.17508697509766,171.93713470458985,0
2023-06-26,182.8769073486328,185.6209974197008,182.83741558637178,184.4167547195407,48088700,-0.007553099749474823,182.60051879882812,172.3307568359375,1
2023-06-27,185.63087463378906,185.95661391553264,183.27174625542975,183.48890577659213,50730800,0.015059130893471107,183.02200622558593,172.78635864257814,1
2023-06-28,186.8054656982422,187.44706365086452,185.1767847036212,185.50250885319187,51216800,0.006327563056363061,183.60833129882812,173.26505798339844,1
2023-06-29,187.14109802246094,187.61490879718235,186.49949997485513,186.63769101872532,46347300,0.0017966943470535401,184.16504669189453,173.72602478027343,1
2023-06-30,191.4645233154297,191.96793030893548,188.7895213028153,189.15475231695294,85213200,0.023102489718478836,184.95076599121094,174.25059112548828,0
2023-07-03,189.97402954101562,191.37568580561538,189.28305928715224,191.27697146600818,31458200,-0.007784699476458767,185.6950256347656,174.76466796875,0
2023-07-05,188.85862731933594,190.48730854754436,188.15779163185775,189.09553270560195,46920300,-0.005871340542570658,186.31886291503906,175.2885708618164,1
2023-07-06,189.33242797851562,189.53972207962792,186.756140199604,187.3878728511301,45094300,0.0025087583548859538,187.09372253417968,175.81583892822266,0
2023-07-07,188.21702575683594,190.1813268348204,187.78272178125238,188.93760736945495,46815000,-0.005891237088061052,187.45696868896485,176.351552734375,0
2023-07-10,186.1737518310547,187.53593138541007,184.62402407003376,186.8153498480431,59922200,-0.010855946307540831,187.64747314453126,176.84659881591796,0
2023-07-11,185.6505889892578,186.85483156149365,184.18971023636405,186.71664053164818,46638100,-0.0028100784168093584,187.92484130859376,177.23950927734376,1
2023-07-12,187.31878662109375,189.22385000348103,186.03557542450565,187.22993768452707,60750200,0.008985684564310592,188.09363250732423,177.6407470703125,1
2023-07-13,188.07882690429688,188.72044002337208,187.32864909209994,188.03935020331573,41342300,0.004057469605227126,188.2209686279297,178.05895935058595,1
2023-07-14,188.22691345214844,188.71057462083735,187.18060758311253,187.77284851528793,41616200,0.0007873642678923876,188.32955017089844,178.50083374023438,1
2023-07-17,191.48426818847656,191.81000743962883,189.33241906132668,189.421252931179,50520200,0.01730546751570805,188.33152465820314,179.0293441772461,0
2023-07-18,191.2276153564453,191.81987127398517,189.93453883356673,190.85253399958415,48288200,-0.00134033377498477,188.4568832397461,179.58544677734375,1
2023-07-19,192.57989501953125,195.66945449851372,190.16152967424105,190.60572906366394,80507300,0.007071571020562661,188.82901000976562,180.01521728515624,0
2023-07-20,190.6353759765625,193.93223012421538,190.01350876450033,192.57005054034346,59581200,-0.010097206890529953,188.9593048095703,180.4074771118164,0
2023-07-21,189.4607391357422,192.4515998266043,188.75990348350925,191.59284231983003,71951700,-0.006161693939558899,189.08367614746095,180.81035034179686,1
2023-07-24,190.26026916503906,192.392372294224,189.76672761078473,190.91174763146105,45377800,0.004220030138930575,189.49232788085936,181.19392517089844,1
2023-07-25,191.1190643310547,191.9284798692301,190.42810903120733,190.83281680029503,37283200,0.004513791396304034,190.03917541503907,181.59093017578124,1
2023-07-26,191.98770141601562,193.11297577300414,190.82295035426253,191.1684204714641,47471900,0.004545004905718297,190.50606689453124,182.02386505126952,0
2023-07-27,190.72421264648438,194.65279947329122,190.06286872536143,193.48804855415668,47460200,-0.006581092227326613,190.77060546875,182.4414013671875,1
2023-07-28,193.30050659179688,194.09017617119656,191.63233355900982,192.15548645475204,48291400,0.013507954284167178,191.27796478271483,182.91046356201173,1
2023-07-31,193.91249084472656,193.95198260711592,192.7378594315981,193.52752900074864,38824100,0.0031659733526827605,191.52078704833986,183.37952575683593,0
2023-08-01,193.0833282470703,194.1888565133771,192.75758901252786,193.7051954277144,35175100,-0.004275962801799094,191.70635833740235,183.78541412353516,0
2023-08-02,190.09246826171875,192.65887532596588,189.37190180440743,192.52068429221174,50389300,-0.015489996016250784,191.4576156616211,184.1293130493164,0
2023-08-03,188.70068359375,189.8851803589987,188.22688789998924,189.09552588996192,61235200,-0.007321619213511155,191.26414642333984,184.46432861328125,0
2023-08-04,179.6392822265625,184.95966022717982,179.57017917093492,183.12368481919472,115956800,-0.0480199710706698,190.28200073242186,184.670234375,0
2023-08-07,176.5398406982422,180.7645556934903,175.0592158617292,179.77747246914834,97576100,-0.017253695794727575,188.9099578857422,184.80862365722658,1
2023-08-08,177.4775390625,177.9414693105031,175.2862134413724,177.36895932229305,67823000,0.0053115396533103265,187.54580535888672,184.94306396484376,0
2023-08-09,175.88833618164062,178.59293417746048,174.7235703168388,178.53371160261662,60378500,-0.0089543887595811,185.9358688354492,184.9975506591797,0
2023-08-10,175.67123413085938,178.4153247814839,175.30601809212868,177.16172464458214,54686900,-0.0012343174965112613,184.43057098388672,185.01077850341798,1
2023-08-11,175.7305145263672,176.55090180538758,174.50488805624465,175.26597277471524,52036700,0.0003374507829987383,182.67357177734374,185.02617919921875,1
2023-08-14,177.38113403320312,177.60846548002914,175.25603067938326,175.90838882978548,43675600,0.009392902031185146,181.02043609619142,185.01852569580078,0
2023-08-15,175.39443969726562,177.40092323969566,174.99907927707545,176.8078826094104,43622600,-0.011200144517993782,179.25154724121094,184.95416015625,0
2023-08-16,174.52462768554688,176.471793411816,174.45543132326716,175.07813825565708,46964900,-0.004959176660446429,177.69476318359375,184.89944458007812,0
2023-08-17,171.9844207763672,175.4537562487029,171.47044012349116,175.08804707675128,66062900,-0.014555005461788229,176.02313690185548,184.80122955322267,1
2023-08-18,172.46876525878906,173.07169980381985,169.968073231539,170.30413115315332,61172200,0.002816211376794886,175.30608520507812,184.74014190673827,1
2023-08-21,173.80308532714844,174.08973444525807,171.7274205434044,173.0420157807921,46311900,0.007736589673830174,175.03240966796875,184.65145111083984,1
2023-08-22,175.177001953125,175.62178623446252,174.20835828322907,175.00897300604348,42038900,0.007905018621449988,174.80235595703124,184.5825393676758,1
2023-08-23,179.02191162109375,179.44693836874362,176.26423745502308,176.45203891919172,52722800,0.021948712588411468,175.11571350097657,184.53465759277344,0
2023-08-24,174.33685302734375,179.00217866700072,173.9711287799832,178.57715186115848,54945800,-0.026170308155719524,174.982275390625,184.4025503540039,1
2023-08-25,176.541015625,177.07475372946672,173.78334110152613,175.3252679389123,51449600,0.012643124843549458,175.06332550048828,184.30189178466796,1
2023-08-28,178.1027069091797,178.49806733287568,176.48170504077262,178.003859262239,43820700,0.008846053585060076,175.13548278808594,184.19179931640625,1
2023-08-29,181.98716735839844,182.75813070921157,177.4206898063463,177.61837000977968,53003900,0.021810226900142338,175.7947555541992,184.18091400146486,1
2023-08-30,185.47628784179688,185.67398314097,182.6000082560471,182.7976884731864,60813900,0.01917234349017094,176.88992156982422,184.23803466796875,1
2023-08-31,185.69375610351562,186.92927641629686,185.3082743692093,185.6641048225717,60794500,0.0011724855195733852,178.26085510253907,184.3202331542969,1
2023-09-01,187.2653350830078,187.7199980774023,186.09899615427736,187.29498636168424,45766500,0.00846328391685991,179.74051208496093,184.37384857177733,1
2023-09-05,187.50254821777344,187.7793035443977,185.43676200045883,186.09899903788357,45280000,0.0012667220799860157,181.11045837402344,184.438525390625,0
2023-09-06,180.79119873046875,186.66239298088038,179.3678770840619,186.21759365485326,81755800,-0.03579337748258138,181.6718780517578,184.39681121826172,0
2023-09-07,175.50318908691406,176.14566870650594,171.5297514902668,173.15075355684382,112488800,-0.029249264791027074,181.32000579833985,184.1942575073242,1
2023-09-08,176.115966796875,178.15211655476327,175.7304851357375,176.2840107997074,65551300,0.003491547436539566,181.49791717529297,183.98046752929687,1
2023-09-11,177.28231811523438,178.21143169284028,175.28571330476424,177.98410020535158,58953100,0.006622632459580391,181.5720474243164,183.78329193115235,0
2023-09-12,174.25778198242188,178.04341790139725,172.79493020499618,177.4108321261293,90370200,-0.017060562863615902,181.18755493164062,183.43915710449218,0
2023-09-13,172.19195556640625,175.2461573436229,171.96460903055169,174.46530026870357,84267900,-0.011855002356359723,180.2080337524414,183.083515625,1
2023-09-14,173.70425415039062,174.060084556446,171.56927171405846,171.98440467411754,60895800,0.008782632028365267,179.03083038330078,182.7804281616211,0
2023-09-15,172.98269653320312,174.45544195430384,171.806494041059,174.43566940930017,109259500,-0.004153943268210281,177.75972442626954,182.45343353271485,1
2023-09-18,175.908447265625,177.30211784571853,174.12929493806257,174.43570157296918,67257600,0.01691354563813441,176.62403564453126,182.2072619628906,1
2023-09-19,176.9956817626953,177.54919237650395,175.07815207769175,175.46363376102514,51826900,0.006180683838500123,175.57334899902344,182.02370056152344,0
2023-09-20,173.45712280273438,177.6183455616589,173.36815390370754,177.183440124748,58436200,-0.019992346280544915,174.83994140625,181.77983123779296,0
2023-09-21,171.9152069091797,174.25776334751873,171.846025624082,172.5280351536478,63149100,-0.0088893201307636,174.48114318847655,181.4717596435547,1
2023-09-22,172.76522827148438,175.02870938713053,172.03381007438438,172.64662317617766,56725400,0.004944422181068164,174.1460693359375,181.16548767089844,1
2023-09-25,174.04029846191406,174.91998813589507,172.13264765845275,172.18207147695253,46172700,0.0073803635325624395,173.82186737060547,180.88175537109376,0
2023-09-26,169.9680633544922,173.17052232124786,169.6715354659317,172.79493440563715,64588900,-0.023398231004028158,173.3928955078125,180.45143127441406,0
2023-09-27,168.4557647705078,171.03553164114703,167.0917606780329,170.62039864934732,66921800,-0.008897545539659824,173.01927642822267,179.99599426269532,1
2023-09-28,168.71275329589844,170.03722730338785,165.67830850769053,167.37838547451082,56294400,0.001525554947559904,172.52012634277344,179.51865142822265,1
2023-09-29,169.22674560546875,171.06520035560507,168.36681324873706,170.02736032081233,51861100,0.003046552791826196,172.14453125,179.09047882080077,1
2023-10-02,171.73731994628906,172.2809518891447,168.9499789385755,169.2366280911879,52164500,0.014835564743846064,171.7274185180664,178.7360104370117,0
2023-10-03,170.40292358398438,171.61868620307462,168.84123947337378,170.26454593815689,49594600,-0.0077699847809551414,171.06814270019532,178.33886352539062,1
2023-10-04,171.6483612060547,172.19199313339385,168.98951921036945,169.10812432832188,53020300,0.007308780834716755,170.88726654052735,177.9494494628906,1
2023-10-05,172.88389587402344,173.4176340313492,170.67971670138417,171.77685938003185,48527900,0.007198056883779724,170.98413543701173,177.5673733520508,1
2023-10-06,175.43399047851562,175.92819856079907,171.17390414032383,171.78673241813826,57266700,0.014750330512856902,171.25101165771486,177.2615689086914,1
2023-10-09,176.91661071777344,176.9759132731787,173.76356081110382,174.76185568517045,42390800,0.008451157242754359,171.53864288330078,176.93389099121094,0
2023-10-10,176.3235626220703,177.63815795783916,175.8886570875863,176.03692856454262,43698000,-0.0033521334898800603,172.1741928100586,176.58211242675782,1
2023-10-11,177.71722412109375,177.76664794425923,175.54271164011269,176.13575227199846,47551100,0.007904000340615891,173.1003387451172,176.27479034423828,1
2023-10-12,178.61668395996094,180.227791982292,176.96601576479657,177.98409824545533,56743100,0.005061185505881527,174.09073181152343,176.0452746582031,0
2023-10-13,176.7782440185547,179.82255265296823,176.0764618780152,179.31846581874476,51427100,-0.010292655202457812,174.84588165283202,175.80682586669923,0
2023-10-16,176.6497344970703,177.0055649122618,174.46532818230494,174.70255348644375,52517000,-0.0007269532639485599,175.33712310791014,175.74703491210937,0
2023-10-17,175.09791564941406,176.35320838797153,172.77514673671925,174.60370757241088,57549400,-0.008784722219222996,175.80662231445314,175.71819641113282,0
2023-10-18,173.80308532714844,175.52293478970745,173.08154578913502,173.54610256783715,54764400,-0.0073948928373206435,176.0220947265625,175.64470733642577,0
2023-10-19,173.427490234375,175.7799102245973,173.16061367257353,174.00075828264139,59302900,-0.0021610381200452,176.07645416259766,175.59549041748048,0
2023-10-20,170.8773956298828,173.3879661145723,170.64017031492207,173.27923973046956,64244000,-0.014704096801757993,175.62079467773438,175.49961364746093,1
2023-10-23,170.99600219726562,171.99429712738208,167.96155723103598,168.93021596381925,55980100,0.000694103318613859,175.0287338256836,175.4049234008789,1
2023-10-24,171.43089294433594,171.65822442721412,169.4639394511676,171.045411263789,43816600,0.0025432802023559464,174.53946685791016,175.28591857910158,0
2023-10-25,169.1179962158203,171.05528327402416,168.6731969171006,169.88895954662036,57157000,-0.01349171487584,173.6795440673828,175.16038970947267,0
2023-10-26,164.95677185058594,169.39476582537458,163.75090293239452,168.3964558542296,70625300,-0.024605449794497414,172.3135528564453,174.96903259277343,1
2023-10-27,166.27133178710938,167.00276501731565,164.89743422425718,164.97650930984952,58499100,0.007969117737792075,171.2628616333008,174.85477081298828,1
2023-10-30,168.31735229492188,169.1871631923404,166.91380339901636,167.06207484672964,51131000,0.012305311359580573,170.42962341308595,174.77174255371094,1
2023-10-31,168.7918243408203,168.92030818010912,165.9550598323106,167.38827526603964,44846000,0.0028189134360139256,169.79901428222655,174.67151733398438,1
2023-11-01,171.9547576904297,172.2117404582064,168.14934950515965,169.01916053768616,56934900,0.018738664398951332,169.6141815185547,174.60707244873046,1
2023-11-02,175.5130615234375,175.7206204672586,173.42750286114074,173.4868054165182,77334800,0.020693256068051502,169.82273864746094,174.53689544677735,0
2023-11-03,174.60369873046875,174.77174274032964,171.34193765305042,172.22162738228718,79829200,-0.005181168769295974,170.19536895751952,174.54223236083985,1
2023-11-06,177.15380859375,177.35148879200258,174.16880291146146,174.33683183407777,63841300,0.01460513082954673,170.81114959716797,174.55448822021484,1
2023-11-07,179.71380615234375,180.32661925220768,176.89681449142668,177.10437340755996,70530000,0.014450705739351921,171.63944091796876,174.58671020507813,1
2023-11-08,180.77142333984375,181.32493395317235,179.4864793691692,180.23768527185777,49340300,0.0058850080032439855,172.8047836303711,174.56239532470704,0
2023-11-09,180.29701232910156,181.9871956757889,179.70395654448856,180.84064428465763,53763500,-0.002624369504743651,174.33880767822265,174.45880981445313,1
2023-11-10,184.4834747314453,184.65174012268164,181.64298820237886,182.07846664625706,66133400,0.023219810180226785,176.16002197265624,174.43460418701173,0
2023-11-13,182.8999481201172,184.11729742228064,182.31601793716675,183.9094650326421,43627500,-0.008583568873218983,177.61828155517577,174.3472964477539,1
2023-11-14,185.51280212402344,186.17591157835597,184.38452385663774,185.77012344749633,60108400,0.014285701175761334,179.2903793334961,174.3075015258789,1
2023-11-15,186.07693481445312,187.55162053928348,185.84930383072194,185.91859136162876,53790500,0.0030409367114865304,180.70259704589844,174.41321624755858,1
2023-11-16,187.7594451904297,188.99659293267834,186.71033121940587,187.62088524737388,54412900,0.009042014678790178,181.92723541259767,174.6583413696289,0
2023-11-17,187.7396697998047,188.42257785422723,186.63119011836693,188.29390964052354,50922700,-0.00010532301373677999,183.24083251953124,174.8908154296875,1
2023-11-20,189.48159790039062,189.93687504104278,187.92774775679948,187.93763950480513,46505100,0.00927842316140981,184.4736114501953,175.13480102539063,0
2023-11-21,188.67990112304688,189.55085808280586,187.78916067013205,189.44198846283598,38134500,-0.004231000721057865,185.37022094726564,175.42324340820312,1
2023-11-22,189.343017578125,190.94635649331246,188.8679569924961,189.52117473642568,39617700,0.0035145049956628593,186.22738037109374,175.7662646484375,0
2023-11-24,188.01678466796875,188.93721542830764,187.30418629136327,188.9075250877743,24048300,-0.007004393017075672,186.99935760498047,176.05251525878907,0
2023-11-27,187.83863830566406,188.70959528304604,186.95778958150402,187.96730652329646,40552600,-0.0009475024403767796,187.33487396240236,176.34963409423827,1
2023-11-28,188.44236755371094,189.11538388382388,187.45264920500045,187.82874701011957,38415400,0.00321408445830218,187.8891159057617,176.6003125,0
2023-11-29,187.42294311523438,190.11497800569174,187.02706184977393,188.93721085337887,43014200,-0.00540974119413995,188.08013000488282,176.8088577270508,1
2023-11-30,187.9969940185547,188.36320007044645,186.2550951920731,187.88812439803064,48794400,0.003062863562906415,188.27213592529296,177.0996551513672,1
2023-12-01,189.27374267578125,189.5904446947665,187.28439912721964,188.37309535289532,45704800,0.006791324850122571,188.42356567382814,177.4468258666992,0
2023-12-04,187.48231506347656,188.09595062883508,185.52267721747734,188.0266631045601,43389500,-0.009464744485838894,188.3978302001953,177.74116760253906,1
2023-12-05,191.43130493164062,192.40122460244103,188.22461231756913,188.25431775925796,66628400,0.021063265976991152,188.59280090332032,178.0889877319336,0
2023-12-06,190.34262084960938,192.7575206909756,190.1347733725338,192.45071045016567,41089700,-0.005687074443858631,188.75907287597656,178.49647888183594,1
2023-12-07,192.2725830078125,192.99507315570867,191.59956669458757,191.63916388460834,47477700,0.010139411496955297,189.05202941894532,178.97281524658203,1
2023-12-08,193.69776916503906,193.97488907234165,191.67873543823174,192.2032849129047,53406400,0.007412321272912026,189.62012786865233,179.47251556396483,0
2023-12-11,191.19375610351562,191.50058143348204,189.45185749474888,191.12448368196934,60943700,-0.012927423337487753,189.9556396484375,179.9118557739258,1
2023-12-12,192.7080535888672,192.71794533501543,189.748790485074,191.09480795445688,52696900,0.007920224573294554,190.38220825195313,180.33127044677735,1
2023-12-13,195.92465209960938,195.96423418895137,192.8466274130704,193.08415015292962,70404200,0.01669156244816139,191.2323791503906,180.84170501708985,1
2023-12-14,196.07310485839844,197.567574144968,194.14315707722483,195.98403383047588,66831600,0.0007577033170567127,192.039990234375,181.33019989013673,0
2023-12-15,195.53866577148438,196.36011872958818,194.9745190512041,195.4990685795855,128538400,-0.00272571338787142,192.6664825439453,181.78329528808592,0
2023-12-18,193.87591552734375,194.60831249977454,192.39133809002112,194.0738561652729,55751900,-0.008503434538536747,193.30584259033202,182.1521337890625,1
2023-12-19,194.91514587402344,194.9250376214273,193.87593852424982,194.14316672319833,40714100,0.005360285953275756,193.65422668457032,182.5121044921875,0
2023-12-20,192.82684326171875,195.64753172216422,192.82684326171875,194.87555255598716,52242800,-0.010713906315183874,193.90264892578125,182.84217010498048,0
2023-12-21,192.67835998535156,195.05369307239374,191.51049958819766,194.08377332368417,46482500,-0.0007700342641903113,193.94322662353517,183.14139282226563,0
2023-12-22,191.60946655273438,193.40085423729087,190.98593919883143,193.17320815773428,37149600,-0.005547553096769353,193.7343963623047,183.4012484741211,0
2023-12-26,191.06512451171875,191.89648427525853,190.84738527337694,191.6193643540786,28919300,-0.0028408932544353727,193.721533203125,183.68698608398438,1
2023-12-27,191.1641082763672,191.51051576683653,189.1252907315366,190.51090559150927,48087700,0.0005180629636172274,193.567138671875,183.9772735595703,1
2023-12-28,191.58966064453125,192.65855816674446,191.18387253758047,192.14390044821914,34049900,0.0022261101835541197,193.13363952636718,184.30710845947266,0
2023-12-29,190.5504608154297,192.40122918172025,189.758683164504,191.9063700376295,42672100,-0.005424091392017494,192.5813751220703,184.64205596923827,0
2024-01-02,183.73129272460938,186.50250680575422,181.99928581163158,185.2257618242656,82488700,-0.03578667856083262,191.4006378173828,184.84813201904296,0
2024-01-03,182.35560607910156,183.96885182302105,181.5440297827802,182.32591573673892,58414500,-0.00748749233245638,190.24860687255858,185.07769622802735,0
2024-01-04,180.0396728515625,181.2075332827541,179.02026413555495,180.277195595857,71983600,-0.012700093390791922,188.7610595703125,185.25856964111327,0
2024-01-05,179.3171844482422,180.8809414369887,178.31757423411605,180.11886909142459,62379700,-0.00401293999193153,187.41009368896485,185.4162954711914,1
2024-01-08,183.65211486816406,183.69171205497358,179.63386121540748,180.21779135468154,59144500,0.024174651376890788,186.5074691772461,185.70697784423828,0
2024-01-09,183.23643493652344,183.24632668227045,180.8512103460259,182.0289774717032,42841800,-0.0022634094463819254,185.670166015625,186.07257110595702,1
2024-01-10,184.27566528320312,184.48349768333688,182.02900036017593,182.4545871112419,46792900,0.005671526773808333,184.99122009277343,186.4326577758789,0
2024-01-11,183.6818389892578,185.12683453552387,181.73209248260326,184.6220684732307,49128400,-0.0032224889435764625,184.2429931640625,186.7399475097656,1
2024-01-12,184.0084228515625,184.8199990991005,183.28593272766105,184.14698280822722,40477800,0.0017779866757745566,183.48486938476563,187.04427947998047,0
2024-01-16,181.74200439453125,182.36551675075452,179.0697524893553,180.28711706016838,65603000,-0.012316927790091081,182.6040237426758,187.2400244140625,0
2024-01-17,180.8017578125,181.0491874231052,178.4462381888341,179.40626628613458,47317400,-0.00517352378259317,182.31107025146486,187.34579833984375,1
2024-01-18,186.69058227539062,187.1953332109462,183.9193677995691,184.17668914088887,78005800,0.03257061509876258,182.74456787109375,187.58753601074218,1
2024-01-19,189.59043884277344,189.97642838325277,186.8786203129096,187.38337121910467,68903000,0.015532955824762329,183.69964447021485,187.83626861572264,1
2024-01-22,191.89649963378906,193.32169654358245,190.28325381202234,190.32285100501898,60133900,0.01216338126063432,184.95757598876952,188.07992248535157,1
2024-01-23,193.1732177734375,193.73736447446063,191.83710707958323,193.01487431695855,42355600,0.006653160125822399,185.90968627929686,188.32795837402344,0
2024-01-24,192.5001983642578,194.36087349468033,192.3418398208385,193.41073733606618,53631300,-0.0034840202846806445,186.8360626220703,188.57202209472655,0
2024-01-25,192.17361450195312,194.2520291241628,191.1245154438125,193.21282181305796,54822100,-0.0016965377962193662,187.6258575439453,188.72582489013672,0
2024-01-26,190.4416046142578,192.75754194727924,189.9665440310004,192.2725896171282,44594000,-0.009012735136319727,188.3018341064453,188.87665802001953,0
2024-01-29,189.7587127685547,190.2238816447227,187.63082415775594,190.0358327243265,47145600,-0.0035858332904006307,188.87686309814453,188.96157623291015,0
2024-01-30,186.1066436767578,189.82799457367844,185.54251203451676,188.97683613469175,55859400,-0.01924585721790406,189.31332702636718,188.96217041015626,0
2024-01-31,182.50405883789062,185.17631048108575,182.45458500160478,185.11691469411622,55467800,-0.01935763693167447,189.48355712890626,188.85706268310548,1
2024-02-01,184.93875122070312,185.02782223798647,181.93001441121828,182.0982647000541,64885400,0.013340483484671983,189.3083740234375,188.80104431152344,0
2024-02-02,183.9391632080078,185.40394215196616,177.40701599262258,178.01074479617154,102551700,-0.005404967893951063,188.74324645996094,188.69019561767578,1
2024-02-05,185.7503204345703,187.30418539055444,183.9292424150712,186.21548923655902,69668800,0.009846501391953977,188.12862854003907,188.63160400390626,1
2024-02-06,187.3536834716797,187.36357521832525,184.8496972971495,184.93876832266957,43490800,0.00863181841817684,187.5466751098633,188.59181732177734,1
2024-02-07,187.46255493164062,189.0856924097343,186.67077723703076,188.67990426473503,53439000,0.0005811012516196978,187.04291076660155,188.5807327270508,0
2024-02-08,186.38375854492188,187.59120098390878,185.42373058041275,187.44274927884152,40962000,-0.005754729989208451,186.46392517089845,188.55163513183595,1
2024-02-09,187.1468048095703,188.2765227675386,186.30446474496694,186.9485964735415,45155200,0.004093952555767055,186.1344451904297,188.52572387695312,0
2024-02-12,185.46212768554688,186.96842336096995,185.1053738445565,186.72067805809255,41781900,-0.009001901612681329,185.7047866821289,188.48650756835937,0
2024-02-13,183.3711395263672,184.53060074172208,181.85493962465304,184.094566630165,56529500,-0.011274475200268252,185.43123626708984,188.39399047851563,0
2024-02-14,182.4892120361328,183.8567711565096,180.79464237244255,183.6486735380374,54630500,-0.004809521784683857,185.42975158691405,188.25829986572265,0
2024-02-15,182.20179748535156,182.82612045767794,179.71444020641266,181.89459574378543,65434500,-0.001574967350532197,185.15605621337892,188.15268951416016,0
2024-02-16,180.66578674316406,183.18288755084293,180.03155935687485,181.76577652013776,49752500,-0.008430272167380681,184.82871856689454,187.93737915039063,0
2024-02-20,179.9225616455078,180.78471053407532,178.3766332434525,180.15048310961222,53665600,-0.004113812089462376,184.24594268798828,187.7289779663086,1
2024-02-21,180.67568969726562,181.24054108716462,179.03065736673128,180.29911202321813,41371400,0.0041858455374910175,183.57814331054686,187.49704010009765,1
2024-02-22,182.7071990966797,183.29188949706392,180.8144364958238,181.82522643308513,52292200,0.011243955414355966,183.10260772705078,187.27722869873048,0
2024-02-23,180.8739013671875,183.3711632214272,180.58650833781007,183.34143499372246,45119700,-0.0100340749491874,182.55162200927734,187.0708316040039,0
2024-02-26,179.52615356445312,181.11171437415507,179.0207434868858,180.59641504961763,40867400,-0.007451311618464795,181.78955688476563,186.80719360351563,1
2024-02-27,180.98291015625,182.26126931281985,177.94059046680667,179.46671005654383,54318900,0.008114453314312708,181.34163513183594,186.50835876464845,0
2024-02-28,179.7838134765625,181.46847854843006,178.50545433930714,180.8639793914523,48953900,-0.006625469104526327,180.98290252685547,186.1825729370117,0
2024-02-29,179.119873046875,180.92346630197014,177.9108746304469,179.63518756564144,136682600,-0.0036929933615745814,180.64596862792968,185.85419708251953,0
2024-03-01,178.03970336914062,178.90185225837237,175.78026722267666,177.93069482167198,73563100,-0.006030429004668325,180.2297592163086,185.53747283935547,0
2024-03-04,173.52081298828125,175.30456703921072,172.22261492332544,174.56133114426578,81510100,-0.025381363231605003,179.5152618408203,185.10958618164062,0
2024-03-05,168.5857391357422,170.48842147609815,168.09024847040442,169.21996658252752,95132400,-0.02844081794886677,178.38157958984374,184.62476409912108,0
2024-03-06,167.5947265625,169.6956168742887,167.1586924388991,169.51723240501005,68587700,-0.005878389111217963,177.0734832763672,184.12309143066406,0
2024-03-07,167.47586059570312,169.19025422467647,166.97046551326864,167.624501760779,71765100,-0.0007092464615976457,175.55034942626952,183.64041931152343,1
2024-03-08,169.19021606445312,172.13343143853632,167.41636636953461,167.4758228221548,76267000,0.010236433254632082,174.3819808959961,183.20292114257813,1
2024-03-11,171.1920166015625,172.80732093128213,170.49833272784605,171.38030546468005,60139500,0.011831656603280116,173.54856719970704,182.80347930908204,1
2024-03-12,171.66766357421875,172.46045153320196,169.4676841705973,171.58838326620315,59825400,0.0027784413204459124,172.6170425415039,182.40503936767578,0
2024-03-13,169.5866241455078,171.62804307697533,169.21995080494636,171.21183277143888,52488700,-0.012122489380833379,171.59732360839843,181.98576263427734,1
2024-03-14,171.43975830078125,172.73794133442243,170.49832912625453,171.35057361629615,72913500,0.010927360365894367,170.82931213378907,181.73993194580078,0
2024-03-15,171.0631561279297,171.0631561279297,168.75416830335303,169.6262365278927,121752700,-0.002196702658614602,170.13165740966798,181.51408294677734,1
2024-03-18,172.1532440185547,176.10726419166866,171.9550508157469,173.98656516716395,75604200,0.006372429430740567,169.99490051269532,181.35635437011717,1
2024-03-19,174.49197387695312,175.01719271038215,171.46947815172825,172.76766112194616,55215200,0.013585162868881895,170.5855239868164,181.2598501586914,1
2024-03-20,177.05862426757812,177.05862426757812,173.51090945491785,174.1352325028599,53423100,0.014709274779795445,171.53191375732422,181.1279803466797,0
2024-03-21,169.82444763183594,175.8892630091755,169.29922879245808,175.45322885093574,106181300,-0.040857521996836565,171.7667724609375,180.85974060058595,1
2024-03-22,170.7262420654297,171.48930183291895,168.52626256417108,170.21092760104455,71160100,0.005310156730488957,171.92037506103514,180.58875213623048,0
2024-03-25,169.3091583251953,170.38932429506946,167.92177545566648,169.0316847755244,54288300,-0.008300327606878932,171.73208923339843,180.30129852294922,0
2024-03-26,168.179443359375,169.8740129173693,168.05061095138228,168.46682128354186,57388400,-0.006672497678184897,171.38326721191407,179.98471893310546,1
2024-03-27,171.7469482421875,172.0343412561863,168.575811446925,168.87310882923745,60273300,0.02121249072747422,171.59929962158202,179.7848178100586,0
2024-03-28,169.93344116210938,170.67667701496117,168.97218824939392,170.2010103030642,65672700,-0.01055918081013485,171.44866790771485,179.56745147705078,0
2024-04-01,168.4965362548828,169.70553455748254,167.9514935576168,169.6460781034487,46240500,-0.008455692401684534,171.19200592041017,179.2035705566406,0
2024-04-02,167.31727600097656,167.81276664190898,166.71277681419204,167.5551169522469,49329500,-0.006998721042683065,170.70840911865236,178.7581072998047,1
2024-04-03,168.11993408203125,169.14064338418203,167.0595921900174,167.26768974884823,47691700,0.004797221782704586,170.07120513916016,178.28257598876954,0
2024-04-04,167.29745483398438,170.3694875068381,167.29745483398438,168.7541832986243,53704400,-0.004892217288436251,169.09508819580077,177.76506072998046,1
2024-04-05,168.0506134033203,168.85330584999502,167.4262903353845,168.06051777285862,42104800,0.004501912895706228,168.9177047729492,177.27606903076173,0
2024-04-08,166.9307861328125,167.67402205960258,166.72268854116854,167.50555706407098,37425500,-0.006663630961109557,168.5381591796875,176.7712124633789,1
2024-04-09,168.13980102539062,168.54610700117138,166.8317135282985,167.17854792228746,42373800,0.007242611866790094,168.42122344970704,176.32517639160156,0
2024-04-10,166.26683044433594,167.5650134431552,165.60287483124418,167.27763553824258,49709300,-0.011139364800198948,168.22996215820314,175.8553387451172,1
2024-04-11,173.4613494873047,173.87757491447604,166.64340884278624,166.8217782077108,91070300,0.04327092194962723,168.40140228271486,175.6024328613281,1
2024-04-12,174.95773315429688,176.75140669942581,172.63884078505302,172.68837774790788,101670900,0.008626611469442658,168.9038314819336,175.45150634765625,0
2024-04-15,171.13255310058594,175.0370216134587,170.94426424521788,173.77847120218846,73531800,-0.021863452302148145,169.1674331665039,175.1753823852539,0
2024-04-16,167.85240173339844,172.19288913903023,166.7524119884344,170.20102235595408,73711200,-0.01916731391986848,169.2209457397461,174.8536471557617,0
2024-04-17,166.48483276367188,169.1109267558204,166.48483276367188,168.08031301583728,50901200,-0.008147449518766448,169.05743560791015,174.46833740234376,0
2024-04-18,165.53350830078125,167.11908441586118,165.04793714543356,166.5145852231191,43122900,-0.005714180968311111,168.88104095458985,174.0319338989258,0
2024-04-19,163.5118865966797,164.89925413145542,162.60018577080248,164.71098041837104,68149400,-0.01221276420015327,168.4271682739258,173.55292053222655,1
2024-04-22,164.34432983398438,165.75152141981465,163.28398774037723,164.0272236912775,48116400,0.005091025824673023,168.16852264404298,173.1121319580078,1
2024-04-23,165.394775390625,165.54343166054898,163.4326366212621,163.8587664496344,49537800,0.006391735922387731,167.8940200805664,172.6770913696289,1
2024-04-24,167.4956512451172,167.77312477902248,164.71099641624178,165.03800691456527,48251800,0.012702189954491683,168.01690216064452,172.3177618408203,1
2024-04-25,168.35780334472656,169.07131105182287,166.63349053238153,168.0010494911784,50558300,0.005147310352241252,167.5065475463867,172.0174951171875,0
2024-04-26,167.7731170654297,169.79471202253325,167.6541890412428,168.3478879652858,44838400,-0.0034728789974747265,166.7880859375,171.72317321777345,1
2024-04-29,171.93524169921875,174.44242297655094,171.53885525962073,171.80640930182136,68169400,0.024808054511891164,166.86835479736328,171.5178421020508,0
2024-04-30,168.79385375976562,173.41183044153803,168.46682810243752,171.76679778510277,65934800,-0.01827076234288616,166.9625,171.2804034423828,0
2024-05-01,167.7731170654297,171.15236652369296,167.58482822154218,168.05059058657778,50383100,-0.006047238519648279,167.0913284301758,171.03741455078125,1
2024-05-02,171.46946716308594,171.85594920671264,169.34876810707777,170.95415273119292,94214900,0.02203183777180895,167.68492431640624,170.85329010009767,1
2024-05-03,181.7261505126953,185.313497878847,181.01264278710423,184.9666483851495,163224100,0.059816383168988185,169.5063507080078,170.83366912841797,0
2024-05-06,180.0712127685547,182.53874644704828,178.79283846563771,180.70544017490002,78569700,-0.00910676718497383,171.07903900146485,170.81761535644532,1
2024-05-07,180.75497436523438,183.23242749590466,179.68472791941784,181.79550770435065,77305800,0.0037971732747672515,172.61505889892578,170.84219177246095,1
2024-05-08,181.09190368652344,181.41892928578648,179.81352951475225,181.20091221961113,45057100,0.00186401133618741,173.9746841430664,170.8443716430664,1
2024-05-09,182.90542602539062,182.99461071341904,180.46760537105857,180.9135439323752,48983000,0.010014375584711077,175.4294464111328,170.90680389404298,0
2024-05-10,181.64515686035156,183.66949389545601,180.7322193628195,183.48094965782863,50759500,-0.006890277628308961,176.816650390625,170.9573095703125,1
2024-05-13,184.85037231445312,185.6640864017181,183.20310853414878,184.01682262141375,72044800,0.01764547709117137,178.10816345214843,171.09352294921874,1
2024-05-14,185.99154663085938,186.8548800445926,184.8602962551219,186.0709344816443,52393600,0.0061735029370943995,179.82793273925782,171.3429376220703,1
2024-05-15,188.26397705078125,189.18683240943687,185.9320062923224,186.46787049037354,70400000,0.012217923131915276,181.87701873779298,171.7365023803711,1
2024-05-16,188.38304138183594,189.6333810173086,188.2044300863017,189.00821119957226,52845200,0.0006324328898170695,183.56837615966796,172.1522686767578,1
2024-05-17,188.41281127929688,189.34559954047234,187.72810435814964,188.0555735439889,41282900,0.00015802854249824527,184.23704223632814,172.5710076904297,1
2024-05-20,189.57383728027344,190.44708847543168,187.55941793463836,187.8769693298537,44361300,0.006162139363524943,185.1873046875,172.97868011474608,1
2024-05-21,190.873779296875,191.25085261805762,189.4547462309282,189.62343971650407,42309400,0.0068571804804460346,186.19918518066407,173.37231536865235,0
2024-05-22,189.4348907470703,191.34016861791716,188.80973611420333,190.79438668312676,34648500,-0.007538429610945752,187.03348388671876,173.72765991210937,0
2024-05-23,185.44577026367188,189.5341459487459,185.19768892080702,189.51429520164533,51005900,-0.02105800292473381,187.2875183105469,174.04484283447266,1
2024-05-24,188.52197265625,189.11737394472448,186.59685898409072,187.37088671578107,36327000,0.016588150747274044,187.9751998901367,174.38648712158204,1
2024-05-28,188.53189086914062,191.5187845976106,187.64872194997955,190.04021443649896,52280100,5.261038143666852e-05,188.34335174560547,174.73586181640624,1
2024-05-29,188.82958984375,190.7745542503335,188.05557725890648,188.15481585355153,53068000,0.001579037759802615,188.62715606689454,175.06938873291017,1
2024-05-30,189.82188415527344,190.70505299300459,189.16696101953212,189.2959530014381,49889100,0.005254972551412829,188.78294677734374,175.37598693847656,1
2024-05-31,190.77455139160156,191.09210277636024,188.45251367186646,189.9707702687458,75158300,0.005018742915589458,189.0220977783203,175.65030548095703,1
2024-06-03,192.54087829589844,193.49351725389894,191.04247253185534,191.41954585254337,50080500,0.009258713446905986,189.43490447998047,176.1046340942383,1
2024-06-04,192.85842895507812,193.82098571162214,191.54855228534223,193.14619663099631,47471400,0.001649263584908356,189.76336364746095,176.54727783203126,1
2024-06-05,194.36676025390625,195.38885414673365,193.3744349100596,193.90036613096368,54156800,0.007820924949976993,190.11266174316407,177.04842987060547,0
2024-06-06,192.9874267578125,194.9919281725913,192.67980832687616,194.1881470745491,41181800,-0.007096550327287954,190.4679153442383,177.54458953857423,1
2024-06-07,195.37892150878906,195.42854080055034,192.65002702042116,193.15610745634936,53103900,0.012391971804348367,191.46123046875,178.01722900390624,0
2024-06-10,191.63784790039062,195.7857753291456,190.67529119421684,195.38883614317194,97010200,-0.019147785132134332,191.77281799316407,178.45131713867187,1
2024-06-11,205.56019592285156,205.57012886730556,192.14396771907968,192.1638033246204,172373300,0.07264926096277957,193.47564849853515,179.19259033203124,1
2024-06-12,211.4347686767578,218.51003809526938,205.3121079690946,205.77850209290926,198134300,0.028578357437015756,195.73616638183594,180.07494018554686,1
2024-06-13,212.59576416015625,215.08649505325084,209.97602614095345,213.09192677850285,97862700,0.005491033904519993,198.01355438232423,180.96445678710938,0
2024-06-14,210.85922241210938,213.5186471242216,209.67835280423736,212.20878551515116,70122700,-0.008168280092065605,200.022021484375,181.83569213867187,1
2024-06-17,215.0071258544922,217.2696263789355,211.08744385812574,211.73244926121387,93728300,0.01967143478446509,202.26864624023438,182.7748223876953,0
2024-06-18,212.6453857421875,216.95208913019513,211.36529274424583,215.9200623200828,79943300,-0.010984473667644878,204.24734191894532,183.68911437988282,0
2024-06-20,208.07078552246094,212.59580212894483,207.2471687535905,212.28816853161533,86172500,-0.02151281206389699,205.61774444580078,184.48773406982423,0
2024-06-21,205.89759826660156,210.26382387597764,205.5205097773767,208.77533580800622,241805100,-0.010444461246217451,206.90876159667968,185.28034942626954,1
2024-06-24,206.54258728027344,211.0675882243761,205.00448003735443,206.12581247138846,80727000,0.0031325718177475093,208.02512817382814,185.94197418212892,1
2024-06-25,207.4654541015625,209.75772308170346,207.0089778092255,207.54482679949032,55549700,0.004468167235828879,209.6078887939453,186.59212860107422,1
2024-06-26,211.61337280273438,213.21101716086312,209.02340313251779,209.87680350658064,66213200,0.019993298253603742,210.21320648193358,187.40174499511718,1
2024-06-27,212.45684814453125,214.0842609953053,210.72027890747495,213.0423164247351,49772700,0.003985926459303402,210.31541442871094,188.29383392333983,0
2024-06-28,209.00357055664062,214.41175609103416,208.686034302842,214.1140554431902,82542700,-0.016254018724505492,209.95619506835936,189.1442086791992,1
2024-07-01,215.08653259277344,215.84069445328046,210.29359904602236,210.46229254870087,60402900,0.029104584289789903,210.3789260864258,190.13526916503906,1
2024-07-02,218.5795135498047,218.6886699462021,213.44919320249295,214.4911227279333,58046200,0.016239886872157383,210.73616485595704,191.23662170410157,1
2024-07-03,219.8496856689453,219.8496856689453,217.34902153194005,218.31157833867707,37369800,0.005811030038966658,211.45659484863282,192.3467288208008,1
2024-07-05,224.60292053222656,224.71207692855523,219.94891212590596,219.94891212590596,60412400,0.02162038507727848,213.10980834960938,193.5308917236328,1
2024-07-08,226.07156372070312,226.1013322692385,221.53662969916704,225.34715532852172,59085900,0.0065388427941917016,215.12720489501953,194.70240997314454,1
2024-07-09,226.92495727539062,227.63943274976205,224.63268810415036,226.180713251394,48076100,0.0037748823454055724,217.16544189453126,195.8737530517578,1
2024-07-10,231.1919403076172,231.29117889263895,227.49057123987387,227.54019053238477,62627700,0.018803498228924465,219.53809051513673,197.14212951660156,0
2024-07-11,225.823486328125,230.60648662367137,224.03729767642758,229.61416127735984,64710600,-0.023220766140675475,220.95910186767577,198.2198944091797,1
2024-07-12,228.77069091796875,230.8545803134063,226.92496506939614,227.1631286162611,53046500,0.013050921486357003,222.59048614501953,199.41943115234375,1
2024-07-15,232.60105895996094,235.409341553401,231.30111515749465,234.66509753137677,62631300,0.01674326386226488,224.95023498535156,200.71598999023436,1
2024-07-16,233.0178680419922,234.4567369075411,230.54697223527828,233.1964793539142,43234300,0.0017919483423460836,226.74336853027344,201.9469580078125,0
2024-07-17,227.12342834472656,229.6836295353235,224.9006141352506,227.68904591405493,57345900,-0.02529608457409538,227.59776000976564,202.85490356445314,0
2024-07-18,222.45948791503906,228.67145424701283,220.56415801938329,228.51267855827928,66034600,-0.02053482753266911,227.858740234375,203.7026690673828,1
2024-07-19,222.58851623535156,225.05941202320642,221.56642224710646,223.09461189863717,49151500,0.0005800081692257653,227.6572998046875,204.53933990478515,0
2024-07-22,222.2412109375,226.03188622300922,221.3778775132773,225.26779139889447,48201800,-0.0015603019586344358,227.27426452636718,205.3623260498047,1
2024-07-23,223.2831268310547,225.19832267550643,220.97100689389265,222.64803919770813,39960300,0.004688220916181374,226.9100814819336,206.16988006591797,0
2024-07-24,216.86277770996094,223.0747441599071,215.46361045876344,222.280880842846,61777600,-0.028754296001737956,225.47716522216797,206.87423248291014,0
2024-07-25,215.8208465576172,219.15506035064124,212.97286249707204,217.24978234747041,51391200,-0.004804564265690869,224.47690124511718,207.49364196777344,1
2024-07-26,216.2872314453125,217.80548795978973,214.35218497553956,217.02154248476683,41601300,0.0021609816434984275,223.22855529785156,208.0995556640625,1
2024-07-29,216.56507873535156,217.61694112977094,214.09418328948692,215.29490356378676,36311800,0.001284621788269158,221.6249572753906,208.66557769775392,1
2024-07-30,217.12078857421875,218.63904514115285,214.46134877521007,217.50779485320817,41643800,0.0025660177629389658,220.03524932861328,209.24033264160155,1
2024-07-31,220.37559509277344,222.1022464925354,218.93672649714605,219.74050753338085,50036300,0.014990764080806018,219.36046600341797,209.87958831787108,0
2024-08-01,216.6841583251953,222.7571844619209,215.35444602521784,222.64802807062824,62501000,-0.016750660462307998,218.7829330444336,210.42179473876953,1
2024-08-02,218.1726531982422,223.86860618805187,216.0391597412521,217.46809553371503,105568600,0.006869421763694206,218.34134674072266,210.96777221679687,0
2024-08-05,207.66395568847656,211.86148819381572,194.49579244022425,197.5620745135683,119548600,-0.04816688689309245,216.8836212158203,211.332353515625,0
2024-08-06,205.6395721435547,208.3783997216886,199.52685967053256,203.72439154098564,69660500,-0.009748362628508866,215.1192657470703,211.73622955322264,1
2024-08-07,208.209716796875,212.00039184379946,204.80603289763474,205.31211338628992,63516400,0.012498298000377606,214.25395965576172,212.12998443603516,1
2024-08-08,211.67291259765625,212.5560815310077,207.22729938249148,211.47445056104476,47161100,0.016633209314433017,213.83916625976562,212.59280487060548,1
2024-08-09,214.5804443359375,215.11629337558463,210.3432107490655,210.47221789303094,42201600,0.013735965091612012,213.66848754882812,213.10782196044923,1
2024-08-12,216.11038208007812,218.07745621052726,214.19298467780987,214.65991863613397,38028100,0.007129902954928324,213.62301788330078,213.6335919189453,1
2024-08-13,219.8260040283203,220.441953079239,217.58074300671984,217.58074300671984,44155300,0.017193167271646326,213.89353942871094,214.2146209716797,1
2024-08-14,220.27305603027344,221.57450454206742,218.2662343099079,219.13056699635618,41960600,0.0020336629596175992,213.88328552246094,214.76926452636718,1
2024-08-15,223.2534637451172,223.87935717471936,221.30624816369337,223.13425172393934,46414000,0.013530514210662759,214.54021606445312,215.37716522216797,1
2024-08-16,224.57479858398438,225.34970708383625,222.19045191126241,222.45869413327577,44340200,0.005918541270095279,215.18043060302733,215.98132598876953,0
2024-08-19,224.41583251953125,224.51518597934856,221.58442566604344,224.2469437652095,40687800,-0.0007078535323440382,216.85561828613282,216.6098941040039,1
2024-08-20,225.0317840576172,225.68748051768907,223.97870407222223,224.29662301984854,30299000,0.0027446884258146564,218.79483947753906,217.20295135498046,0
2024-08-21,224.9224853515625,226.4921759358446,223.58130467937312,225.04171252806572,34765500,-0.00048570341524156735,220.46611633300782,217.86864410400392,0
2024-08-22,223.06468200683594,226.84981494441692,222.43878863128987,226.30340129586148,43695300,-0.00825974931684903,221.60529327392578,218.2187338256836,1
2024-08-23,225.35963439941406,226.73063334528243,222.866020162344,224.187342377279,38677300,0.010288282178654296,222.68321228027344,218.4972311401367,1
2024-08-26,225.69741821289062,225.79677167752968,222.42889539152742,225.28016094798537,30602200,0.0014988656436933923,223.64191589355468,218.75926422119142,1
2024-08-27,226.5418701171875,227.35652605602343,223.4223624308928,224.52511915345738,35934600,0.0037415222158205808,224.3135025024414,219.07291717529296,0
2024-08-28,225.0119171142578,228.35991942602843,224.20719049274723,226.43257756563742,38052200,-0.006753510960857967,224.78738861083986,219.27301300048828,1
2024-08-29,228.29039001464844,231.3999685703833,227.38634017099784,228.59837969678284,51906300,0.014570218957451253,225.29108123779298,219.5859130859375,0
2024-08-30,227.5055389404297,228.89639643358683,225.99545426270925,228.68777538921813,52990800,-0.0034379505601106475,225.5841552734375,219.97460815429687,0
2024-09-03,221.3162078857422,227.50554667965343,219.72664341730942,227.05848641015993,50190600,-0.027205188425360127,225.2741928100586,220.2829803466797,0
2024-09-04,219.40872192382812,220.33264539565292,216.06070449558098,220.2134333758585,43840200,-0.008618826339636287,224.71188659667968,220.5403030395508,1
2024-09-05,220.92872619628906,224.00848612752256,220.07433805346514,220.18362078658942,36615400,0.006927729486472467,224.31251068115233,220.80956848144533,0
2024-09-06,219.37890625,223.77005891628232,218.3357556594125,222.48846914066658,48423000,-0.00701502232404172,223.94393310546874,220.96487915039063,1
2024-09-09,219.4683380126953,219.82598924771256,215.2957503769675,219.37892899374344,67180000,0.00040765889585303583,223.35480346679688,221.1051089477539,0
2024-09-10,218.67355346679688,220.03460793809228,215.31560663834654,217.49131703149231,51591000,-0.0036214086874456486,222.6524169921875,221.29850860595704,1
2024-09-11,221.2069091796875,221.63409569372266,216.46803428284608,220.01474349397893,44587100,0.011585103332009794,222.1189208984375,221.42091613769531,1
2024-09-12,221.3162078857422,222.09111639532034,218.38546260882887,221.04796566036197,37455600,0.0004941016827186839,221.74934997558594,221.47565002441405,0
2024-09-13,221.04795837402344,222.57790161811045,220.46181236980377,222.12091208096655,36766600,-0.001212064467764784,221.02510681152344,221.49961547851564,0
2024-09-16,214.90830993652344,215.80243050187988,212.52396316355507,215.12686027714844,59357400,-0.027775187260998924,219.7653839111328,221.30572326660158,1
2024-09-17,215.37521362304688,215.48449636527135,213.10016491936787,214.34200737227792,45519300,0.0021725715802303203,219.1712844848633,221.09179626464845,1
2024-09-18,219.249755859375,221.2565773677011,216.12030400107497,216.1302484418979,59894900,0.0179897313676467,219.15538787841797,220.93829223632812,1
2024-09-19,227.3763885498047,228.32020097310811,223.16406850984052,223.52171975466862,66781300,0.03706564077381258,219.80015411376954,220.8619812011719,0
2024-09-20,226.7107391357422,231.56882586153637,226.13452245924367,228.46919216926284,318679900,-0.0029275221508617832,220.53333740234376,220.87972625732422,0
2024-09-23,224.99205017089844,227.95259834339626,224.33635371548323,225.8563676699032,54146000,-0.007580977290249535,221.08570861816406,220.8041534423828,1
2024-09-24,225.8861846923828,227.8532741806864,224.2568878942957,227.15783023434298,43556100,0.003974071620775899,221.80697174072264,220.66985595703125,0
2024-09-25,224.89268493652344,225.80667911779153,222.5580303354434,223.46208007568333,42308700,-0.004398231601513647,222.17554931640626,220.50735229492187,1
2024-09-26,226.0352020263672,227.00880227293717,223.9389713421174,225.81663654010723,36636700,0.005080276800315753,222.64744873046874,220.4855877685547,1
2024-09-27,226.3034210205078,228.02214184296878,225.8166284941723,226.9690618971705,34026000,0.0011866248784970779,223.1729949951172,220.56246643066407,1
2024-09-30,231.4794464111328,231.4794464111328,228.15130238402674,228.53875664504176,54541900,0.0228720598534653,224.83010864257812,220.7402850341797,0
2024-10-01,224.73374938964844,228.15128705136544,222.2798675150603,228.02214574584622,63285000,-0.029141667331894716,225.76596221923828,220.79013580322265,1
2024-10-02,225.30001831054688,225.8861642954019,221.56456176324298,224.41582711263038,32880600,0.0025197324497827633,226.37098846435546,220.8304736328125,0
2024-10-03,224.197265625,225.3298253274289,221.8626109260752,223.67072564154154,34044200,-0.004894596519858574,226.053076171875,220.9771633911133,1
2024-10-04,225.3199005126953,226.5120662505933,222.66732681912907,226.41271278943105,37245100,0.00500735316537293,225.91399230957032,221.16714447021485,0
2024-10-07,220.24325561523438,224.2171516536621,219.8856043654075,223.0349151567562,39505400,-0.02253083232288622,225.4391128540039,221.2462649536133,1
2024-10-08,224.296630859375,224.50525191173782,221.79307211654884,222.83622285599392,31855700,0.01840408339777677,225.28015747070313,221.40089599609374,1
2024-10-09,228.04200744628906,228.25064364916537,223.36275355639287,223.7601370790405,33591100,0.016698318528298728,225.5950897216797,221.61932037353515,0
2024-10-10,227.54525756835938,228.00226223679437,225.68746620848788,226.2934858996686,28183500,-0.002178326193022495,225.7460952758789,221.76271362304686,0
2024-10-11,226.06500244140625,227.91286461183438,225.85636623992795,227.80358186995707,31759200,-0.0065053218105783905,225.72225341796874,221.95033050537108,1
2024-10-14,229.79052734375,230.21771386522883,227.1081507143634,227.20748901369805,39882100,0.016479883494170622,225.55336151123046,222.18268798828126,1
2024-10-15,232.3238983154297,235.9401430278398,230.85354589755886,232.08545910083197,64751400,0.01102469714902532,226.3123764038086,222.6758868408203,0
2024-10-16,230.26739501953125,230.60517253033711,228.34005309673006,230.0885769817669,34082200,-0.008851880115692157,226.80911407470703,223.16844329833984,1
2024-10-17,230.63497924804688,232.3238971476739,229.0156269629083,231.9066247344228,32993800,0.001596336417860833,227.45288543701173,223.61694854736328,1
2024-10-18,233.46636962890625,234.6386615701971,232.4828249974097,234.6386615701971,46431500,0.012276500252003109,228.2675323486328,224.0528176879883,1
2024-10-21,234.9367218017578,235.30431748145634,232.9199708414818,232.9199708414818,36254500,0.006297918519008405,229.73687896728515,224.45994323730469,0
2024-10-22,234.32078552246094,234.67843677993508,231.0820656392084,232.36364046895116,38846600,-0.0026217113892336164,230.73929443359376,224.82415130615234,0
2024-10-23,229.25404357910156,233.60546433739609,226.27362172475395,232.55238437433343,52287000,-0.02162310070812601,230.860498046875,225.01271209716796,0
2024-10-24,229.06529235839844,229.31366084202813,226.91938502162782,228.4791312160334,31109500,-0.0008233277710454345,231.01250152587892,225.18855682373047,1
2024-10-25,229.89981079101562,231.69799621804017,228.07182235817814,228.2407111108546,38802300,0.0036431465632580373,231.39598236083984,225.32148376464843,1
2024-10-28,231.87681579589844,233.19813797949908,231.032372026897,231.7973512193415,36087100,0.008599419886778259,231.6046112060547,225.46752410888672,1
2024-10-29,232.14505004882812,232.80074647701065,230.80386934668286,231.57877779482254,35417200,0.00115679634468413,231.58672637939452,225.62210845947266,0
2024-10-30,228.59835815429688,231.94636045913163,228.05194445904854,231.09197226998216,47070900,-0.01527791307109605,231.4198226928711,225.69343994140624,0
2024-10-31,224.43569946289062,228.330115454563,223.89921505082026,227.84330777090054,64370100,-0.018209486389209273,230.79989471435547,225.68370422363282,0
2024-11-01,221.4552764892578,223.87935529424118,218.83250593091054,219.5279346472888,65276700,-0.013279629670170268,229.59878540039062,225.65151611328125,0
2024-11-04,220.56114196777344,221.33605042122997,218.2761640538016,219.54780947276666,44944500,-0.004037539929773293,228.16122741699218,225.55554626464843,1
2024-11-05,221.99176025390625,222.48849724939907,219.69683776020295,220.3525342324639,28111300,0.0064862662269939975,226.9283248901367,225.48143310546874,0
2024-11-06,221.2665252685547,224.5946691536601,219.74651129717958,221.15724252476647,54561100,-0.0032669455142031456,226.12957305908202,225.37592620849608,1
2024-11-07,225.99545288085938,226.39285156162418,223.10445516924474,223.16406118155706,42137700,0.021372087831926345,225.8225891113281,225.39559692382812,0
2024-11-08,225.7269287109375,227.4176895436531,225.17991383614745,225.9357792784742,38328800,-0.0011881839501586278,225.40530090332032,225.3443276977539,0
2024-11-11,223.01174926757812,224.47376393957063,220.29658566640109,223.77757009002366,42005600,-0.012028602253461695,224.51879425048827,225.25445190429687,0
2024-11-12,223.01174926757812,224.36436096493557,222.14648085284745,223.33001798502116,40398300,0.0,223.60546417236327,225.2883627319336,1
2024-11-13,223.89691162109375,225.4185978724207,221.54973296285615,222.79294167641658,48566200,0.003969128785468401,223.13531951904298,225.3781265258789,1
2024-11-14,226.98008728027344,227.62654977508777,223.77758025105393,223.79747584076947,44923900,0.013770514460679228,223.38975830078124,225.49915374755858,0
2024-11-15,223.777587890625,225.68715481951833,223.05155818805096,225.16997570047775,47923700,-0.014109164499941373,223.62198944091796,225.5871273803711,1
2024-11-18,226.7811737060547,228.49183017609323,223.94665165924164,224.0262188410909,44633700,0.013422192292544155,224.2439926147461,225.7333840942383,1
2024-11-19,227.0397186279297,228.90950915664592,225.4285251920104,225.7467786916022,36211800,0.0011400634261207188,224.74878845214843,225.90070739746093,1
2024-11-20,227.75584411621094,228.68078414631773,224.6627401240164,226.82094870348703,35169600,0.0031541859398391825,225.39772033691406,226.0316860961914,0
2024-11-21,227.27845764160156,228.90954693288327,224.48372676835862,227.63650237265796,42108300,-0.002096044896067739,225.5260208129883,226.1509310913086,1
2024-11-22,228.62112426757812,229.46651233539,226.82096032466632,226.82096032466632,38168300,0.005907584202695659,225.81544036865233,226.3023944091797,1
2024-11-25,231.6048126220703,231.98275293866183,228.49182822914253,230.20248468460477,90152800,0.013050799063520024,226.67474670410155,226.63632446289063,1
2024-11-26,233.7829132080078,234.29015208323423,232.06231657216094,232.06231657216094,45986200,0.009404383964558116,227.75186309814453,227.00447845458984,0
2024-11-27,233.65362548828125,234.4095061449918,232.53971526898803,233.19613315216662,33498400,-0.0005530246755524049,228.72753448486327,227.29255584716796,1
2024-11-29,236.04058837890625,236.51797629056327,232.698842645531,233.5342752849028,28481400,0.010215817904116964,229.63358459472656,227.46583984375,1
2024-12-02,238.28829956054688,239.4817769036961,235.8715090788613,235.9809120539101,48137100,0.009522562187620265,231.08465576171875,227.6973910522461,1
2024-12-03,241.3316650390625,241.44106801091166,237.60203896586935,238.5070985351772,38861000,0.012771778908692744,232.53970489501953,228.0241833496094,1
2024-12-04,241.68972778320312,242.78375758332757,239.9392952788925,241.55048900644988,44383900,0.0014836956604209472,234.00470581054688,228.3402542114258,1
2024-12-05,241.7195587158203,243.21140922639395,240.81451427308068,242.6644095132275,40033900,0.0001234265638461185,235.4010772705078,228.67679168701173,0
2024-12-06,241.5206298828125,243.30091318780651,240.76476447856876,241.59025685240857,36870600,-0.0008229736727332071,236.8252944946289,228.98650024414061,1
2024-12-09,245.40940856933594,245.89675186527563,240.43657354260168,240.516140724136,44649200,0.016101227826419207,238.50412292480468,229.3686199951172,1
2024-12-10,246.42385864257812,246.86147053083658,244.00705305092782,245.54863486606115,36914800,0.0041337048940224275,239.98602752685548,229.6675082397461,0
2024-12-11,245.15081787109375,249.43739908317045,244.92205654138039,246.61283253090062,45205800,-0.005166061348511053,241.12281799316406,230.075849609375,1
2024-12-12,246.6128387451172,247.3885997871069,244.34521203481492,245.54864477609476,32777500,0.005963760948136887,242.41873931884766,230.5021060180664,1
2024-12-13,246.7819061279297,247.9355922748061,244.90217516923994,246.47359279661413,33155300,0.000685557912040613,243.49287109375,230.953798828125,1
2024-12-16,249.67608642578125,250.01425073054844,246.3045049916291,246.6426692963963,51694800,0.011727684347941025,244.63164978027345,231.44092254638673,1
2024-12-17,252.1028289794922,252.45093348613432,248.42293425963442,248.72130738305802,51356400,0.009719563408938203,245.7087661743164,232.07811401367186,0
2024-12-18,246.7023468017578,252.89849494785605,246.39403346062903,250.7900177691265,56774100,-0.021421743657520365,246.21002807617188,232.52622833251954,1
2024-12-19,248.43287658691406,250.6308762664829,245.7475488049507,246.15532490458142,60882300,0.007014646628176857,246.88135986328126,232.93404571533202,1
2024-12-20,253.10736083984375,253.6145845456153,244.35516822034685,246.69239156062656,147495300,0.018815884262783245,248.04003295898437,233.44528778076173,1
2024-12-23,253.88311767578125,254.26104280923545,252.07299848460428,253.38583418491564,40858800,0.0030649319457300983,248.8874038696289,234.00165008544923,1
2024-12-24,256.7972106933594,256.80713572411884,253.90300191480816,254.10192745486222,23234700,0.011478088989357538,249.92473907470702,234.5417837524414,1
2024-12-26,257.61273193359375,258.6868812844183,256.23029959445824,256.78725468311694,27237100,0.0031757402583636463,251.17093048095703,235.0475604248047,0
2024-12-27,254.2013702392578,257.29448932345014,251.68511699924173,256.42919055718573,42355300,-0.01324220922130237,251.9297836303711,235.52623992919922,0
2024-12-30,250.82977294921875,252.1227129740064,249.3876539575231,250.85960874260036,35557500,-0.013263489834321796,252.3345703125,235.93013580322267,0
2024-12-31,249.05946350097656,251.90392569582917,248.07483671879714,251.0684930674946,39480700,-0.007057812266172192,252.27290802001954,236.24199768066407,0
